:020000040800F2
:1000000038860024B9030008FB8500081979000828
:10001000F9850008EF1100086DAC00080000000031
:10002000000000000000000000000000C58600087D
:10003000C91200080000000009860008D1860008E7
:10004000D7030008D7030008D7030008D703000828
:10005000D7030008D7030008D7030008D703000818
:10006000D7030008D7030008D7030008451200088B
:10007000511200085D12000869120008751200088C
:10008000811200088D120008D7030008ED12000845
:1000900005130008F912000811130008D70300081F
:1000A000D7030008D7030008D7030008D7030008C8
:1000B000D7030008D7030008D7030008D7030008B8
:1000C000D7030008D7030008D7030008D7030008A8
:1000D000B98600080D9000081990000825900008C6
:1000E000D7030008D703000800000000D70300086A
:1000F000D7030008D7030008D703000899120008A7
:10010000D7030008D7030008D7030008D703000867
:10011000D70300085D890008AD870008D7030008F1
:10012000A5120008B1120008BD120008D70300088C
:10013000D7030008D7030008D7030008D703000837
:1001400000000000000000000000000000000000AF
:10015000D7030008D7030008D7030008D703000817
:10016000D7030008D7030008D7030008D703000807
:10017000D7030008FD850008D70300080000000031
:10018000D7030008D703000869890008D7030008CF
:10019000D7030008D7030008D7030008D7030008D7
:1001A000D7030008D7030008D703000800000000A9
:1001B000D7030008D7030008D7030008D7030008B7
:1001C000D7030008D703000800000000000000006B
:1001D0000000000000000000D7030008000000003D
:1001E000000000000000000000000000000000000F
:1001F0000000000000000000D7030008D70300083B
:10020000D7030008D703000800000000D703000848
:10021000D7030008D7030008D7030008D703000856
:10022000D703000800000000D7030008000000000A
:10023000D7030008D703000800000000D703000818
:10024000D7030008D7030008D7030008D703000826
:10025000D7030008D7030008D7030008D703000816
:10026000D7030008D7030008D7030008D703000806
:10027000D7030008D7030008D703000800000000D8
:10028000D7030008D7030008D7030008D7030008E6
:1002900000000000D7030008D7030008000000009A
:1002A00000000000D7030008D7030008D7030008A8
:1002B00001900008D7030008D70300081D130008A9
:1002C00029130008D7030008D703000800F002F83C
:1002D00000F062F80AA090E8000C82448344AAF17E
:1002E0000107DA4501D100F057F8AFF2090EBAE87C
:1002F0000F0013F0010F18BFFB1A43F0010318475A
:10030000841F0100A41F01000A444FF0000C10F8E4
:10031000013B13F0070408BF10F8014B1D1108BF83
:1003200010F8015B641E05D010F8016B641E01F823
:10033000016BF9D113F0080F1EBF10F8014BAD1C73
:100340000C1B09D16D1E58BF01F801CBFAD505E091
:1003500014F8016B01F8016B6D1EF9D59142D6D3EB
:10036000704700000023002400250026103A28BF13
:1003700078C1FBD8520728BF30C148BF0B60704717
:100380001FB511F008F89DE8030000F0D1F900F066
:10039000A1F91FBD10B510BD00F05CFA1146FFF7C2
:1003A000EFFF10F0B3FE00F07AFA03B4FFF7F2FFAC
:1003B00003BC00F0ABFA00000A4880470A488047B7
:1003C0000A480047FEE7FEE7FEE7FEE7FEE7FEE736
:1003D000FEE7FEE7FEE7FEE705480649064A074B4B
:1003E00070470000D1120008D5860008CD02000831
:1003F00038520024388600243862002438620024F1
:1004000070B5064600F078F9056806F10B0020F09B
:100410000704B4429CBF002070BD2B466A68BAB185
:100420001068A04210D304F1080188423CBF506814
:10043000586007D35168101941601168091B0160A9
:1004400058601460101D70BD13465268002AE7D131
:100450002146284600F058F90028DED170BD53EA45
:10046000020C00F069802DE9F04B4FF00006002BE4
:100470001FBFB3FA83F503FA05F424FA05F65E40CC
:1004800012BF1643B2FA82F502FA05F4C5F120054F
:100490001EBF22FA05FC44EA0C04203556EA044C3F
:1004A0004FEA144418BF641C4FF000084FF00009D5
:1004B000904271EB030C39D3002919BFB1FA81F7CF
:1004C00001FA07F6B0FA80F700FA07F6C7F120073D
:1004D0001EBF20FA07FC46EA0C062037B6FBF4FCE8
:1004E000A7EB0507103F07F01F0BCBF120060CFA16
:1004F0000BFB2CFA06F644BFB3460026202FA4BF00
:100500005E464FF0000B5BEA060C08BF4FF0010B94
:1005100019EB0B09ABFB027C48EB0608C01B06FB82
:1005200002CC0BFB03CC71EB0C01C1E70B4602467E
:1005300041464846BDE8F08B13B54FF000004FF040
:100540000001AFF30080BDE81C407047032A40F271
:10055000308010F0030C00F0158011F8013BBCF165
:10056000020F624498BF11F801CB00F8013B38BF7D
:1005700011F8013BA2F1040298BF00F801CB38BF8B
:1005800000F8013B11F0030300F02580083AC0F0A9
:10059000088051F8043B083A51F804CBA0E8081051
:1005A000F5E7121D5CBF51F8043B40F8043BAFF384
:1005B0000080D20724BF11F8013B11F801CB48BFDE
:1005C00011F8012B24BF00F8013B00F801CB48BF14
:1005D00000F8012B704710B5203AC0F00B80B1E84D
:1005E0001850203AA0E81850B1E81850A0E8185068
:1005F000BFF4F5AF5FEA027C24BFB1E81850A0E871
:10060000185044BF18C918C0BDE810405FEA827C8A
:1006100024BF51F8043B40F8043B08BF7047D207A1
:1006200028BF31F8023B48BF11F8012B28BF20F842
:10063000023B48BF00F8012B70474FF0000204292D
:10064000C0F0128010F0030C00F01B80CCF1040C01
:10065000BCF1020F18BF00F8012BA8BF20F8022B35
:10066000A1EB0C0100F00DB85FEAC17C24BF00F8DB
:10067000012B00F8012B48BF00F8012B70474FF009
:10068000000200B5134694469646203922BFA0E8E2
:100690000C50A0E80C50B1F12001BFF4F7AF0907EE
:1006A00028BFA0E80C5048BF0CC05DF804EB8900DF
:1006B00028BF40F8042B08BF704748BF20F8022B22
:1006C00011F0804F18BF00F8012B7047704770473A
:1006D0007047000070B5064C7C44064D7D4403E035
:1006E000206820448047241DAC42F9D170BD000031
:1006F000C81B0100C81B010000487047E0510024DE
:10070000704770477047704738B504460A46002066
:100710006946AFF30080002808BF38BD0246009943
:10072000204600F075F8012038BD012000F08AB89D
:10073000F8B5AFF30080054600200C46102000BF3E
:100740000646A819A0420DD9324669460020AFF3EB
:100750000080070008BF00F075F80098A04218BF9D
:100760000546C419FFF7C8FF05600746F01D20F0D5
:1007700007004619284600F00AF8B44208BFF8BD41
:10078000A21B31463868BDE8F84000F041B80021AE
:100790000160C0E9011070471020704770B5044631
:1007A000051FFFF7A9FF0068002C14BF446870BD47
:1007B000002C18BFAC423CBF20466468F8D30168E7
:1007C0000A18AA4218BF456003D12A680546114499
:1007D000016028684119A1421CBF6C6070BD61684E
:1007E000696021680844286070BD10B500F00CF8FD
:1007F000006810BD10B5044600F006F8046010BD96
:1008000000487047D851002400487047D851002450
:10081000034640688C46002818BF88423CBF034608
:100820004068F8D318681844884207D00CF10300D8
:1008300020F00700001D411A521A0146081D0A60E7
:10084000FFF7ACBF10B500F039F8BDE8104000F07C
:100850002FB870477546FFF7D3FFAE4605006946CF
:10086000534620F00700854618B020B5FFF7B4FDC9
:10087000BDE820404FF000064FF000074FF00008A1
:100880004FF0000B21F00701AC46ACE8C009ACE822
:10089000C009ACE8C009ACE8C0098D46704710B586
:1008A0000446AFF300802046BDE81040FFF77DBD51
:1008B000002801D000F02AB87047000010B50128C8
:1008C00005D0002103A000F027F8012010BD09A1E8
:1008D000F8E7000053494752544D454D3A204F75B3
:1008E00074206F662068656170206D656D6F727928
:1008F000000000003A2048656170206D656D6F72E0
:100900007920636F727275707465640001491820F4
:10091000ABBEFEE72600020070B505460C460A2075
:1009200000E06D1C00F011F835B128780028F8D1EE
:1009300002E0641C00F009F814B120780028F8D116
:10094000BDE870400A20AFF3008008B569468DF815
:1009500000000320ABBE08BD9FED201AB5EE002AB3
:1009600000EE012A9FED1E1ABDEEC20AB5EEC02AA6
:10097000F1EE10FA10EE100AB8BF013800EE100ABE
:100980000020B8EEC00A32EE400A9FED162A20EE93
:10099000010ABCEEC01A11EE101A30EE021AB0EBCA
:1009A000512F18BF002102EE101A41F6802000FEE0
:1009B000010AC0F60100B8EE422A00EB810090ED7A
:1009C000011A30EE420AB7EE002A32EE402A20EE3B
:1009D000010A90ED001A02EE010A704783F9223EE7
:1009E00000000044000000C4B0B503880D88AB428D
:1009F00056D145884C88A54252D11488A3424FD184
:100A00005488A5424CD105FB03FC43680025496886
:100A1000B5EB9C0F506831D04FEA9C02524200BFA8
:100A200093ED000A91ED001A30EE010A03F1100E69
:100A300001F1100400F1100580ED000A013293ED80
:100A4000010A91ED011A30EE010A80ED010A93EDE1
:100A5000020A91ED021A30EE010A80ED020A93EDCE
:100A6000030A91ED031A30EE010A7346214680ED28
:100A7000030A2846D4D12146284673461CF00302B7
:100A80000CD05242B3EC010AB1EC011A30EE010A6B
:100A9000051D013280ED000A2846F3D1002000E058
:100AA000FD2040B2B0BD018042804360704700002D
:100AB0002DE9F04F8BB0B0F800B0B0F802E0F3458C
:100AC00040F051810B88FD229B4540F04D814F88BD
:100AD000BB4240F04981BBF1000F436800F029811F
:100AE0006FF003004C6800EB8B08CDF81CE000278A
:100AF00000934FF07E5906945E462046BBEB0600FD
:100B000009D0B9002046FFF7BAFD00200130874226
:100B100004F10404FAD104F1040AC4F80090751E2B
:100B200010D0A8EB87015046FFF7A9FD01205446DD
:100B30000130864204F10404FAD1002D07F10107C7
:100B40002E46DBD1BBF1000F009BDDF81CE000F06E
:100B5000F0800420CDF814B000EB8E000190184610
:100B6000ABF1010603EB8E044FEA8E021D1DCEF1A0
:100B70000001002308919FED800A7746814600BF5F
:100B80005B4580F0F58003FB0EF0B0EE403A09EBD8
:100B900080010A9191ED001A0699B0EE414A01EBED
:100BA000800009902146304606E000BF91ED004AE2
:100BB0000138B0EE423A1144B5EEC04AF1EE10FAF7
:100BC0000ADDB4EEC34AB0EE442AF1EE10FAD8BF03
:100BD000B0EE432A09E000BFB1EE442AB4EEC23AB7
:100BE000F1EE10FA01DBB0EE432A0028DED1B5EEBB
:100BF000402AF1EE10FA00F0BB80B0EEC13AB4EE3C
:100C0000423AF1EE10FA1CBFD84310EB0B0004D0AF
:100C1000002000BF01308642FCD1B5EE401AF1EE53
:100C200010FA00F0A580CDE90346AEEB030C0A995B
:100C3000BCF1010F4FF07E5008600AD00120294618
:100C400091ED002A82EE012A01308742A1EC012AAF
:100C5000F6D1DDE9080100BF91ED002A82EE012AFC
:100C60000C1D013081ED002A2146F5D1ACF1010BBC
:100C700005994FF00008DDF818A04846CDF8089017
:100C8000984505D100EB8C060AEB8E0A33E000BFD5
:100C900090ED001A0A9CB0EE413ABBF1000F94EDC2
:100CA000002A01EE423A00F1040680ED003A15D028
:100CB0000120002406EB040905EB040E99ED002A3F
:100CC0009EED003A01EE432A0130874204F104040C
:100CD00089ED002AEED12644DDF81CE0DDE90804A8
:100CE0009AED002A94ED003A01EE432A04340130D3
:100CF000AAEC012AF4D106EB8300013908F10108BE
:100D0000BED1DDF80890013F049E09F10409039C5F
:100D100003F101030198A6F101060444DDF814B0C3
:100D200005447FF42DAFB5EE401A009BF1EE10FAAA
:100D300020D10EFB0BF1002000294FF000020BD058
:100D400093ED000AB5EE400AF1EE10FA04D101323B
:100D50008A4203F10403F3D38A4208BF6FF0040010
:100D60000BB0BDE8F08FFD2250B20BB0BDE8F08FA4
:100D7000FB22F9E70022F7E7000000002DE9F04F21
:100D800088B0B0F802C00B889C4540F08880B0F86D
:100D900000E013889E4540F08280B1F802905388AD
:100DA00099457CD14FEA9C04476804FB09F04968E7
:100DB0000CF00305029101EB0010019000202CF0D3
:100DC0000303A0EB9C0107EB830607914FEA89031D
:100DD0005168C5F1000A00919FED330ACDE9039CEB
:100DE000CDE9050E0099CE4601EB8008DDE901BC96
:100DF000002CB0EE401AE146384627D062460799EB
:100E00003846B0EE401A00BF92ED002A90ED003A4D
:100E100003EE021A1A4490ED014A92ED002A04EE04
:100E2000021A1A4490ED025A92ED002A05EE021AB7
:100E30001A4490ED036A92ED002A06EE021A01317F
:100E400000F110001A44DFD1D946304655B1514661
:100E500090ED002A99ED003A02EE031A04300131B8
:100E60009944F5D108F1040088ED001ABEF1010E95
:100E70000CF1040C0BF1040B8046B9D1DDF80C9099
:100E80000598DDF810C04844DDF818E007EB8C0742
:100E9000BEF1010E06EB8C06A2D1002000E0FD2081
:100EA00040B208B0BDE8F08F00000000B0B5038884
:100EB0000D88AB4256D145884C88A54252D1148842
:100EC000A3424FD15488A5424CD105FB03FC436893
:100ED00000254968B5EB9C0F506831D04FEA9C0261
:100EE000524200BF93ED000A91ED001A30EE410A24
:100EF00003F1100E01F1100400F1100580ED000A5D
:100F0000013293ED010A91ED011A30EE410A80EDB4
:100F1000010A93ED020A91ED021A30EE410A80EDCA
:100F2000020A93ED030A91ED031A30EE410A73466B
:100F3000214680ED030A2846D4D12146284673462F
:100F40001CF003020CD05242B3EC010AB1EC011ABE
:100F500030EE410A051D013280ED000A2846F3D12A
:100F6000002000E0FD2040B2B0BD00002DE9F04FB0
:100F700083B002884B889A424DD144880B889C42AA
:100F800049D10023D1F804804FEA940C416804F061
:100F9000030ECDF80080A3EB940402941401960094
:100FA0000194CEF1000B4046BCF1000F1ED0474625
:100FB000029C00BF08683D4638603744486807EB2C
:100FC0000609A85101F11000D1F808A0013447F832
:100FD00006A009EB0607C968374449F80610014620
:100FE000E8D101996C18014603E000BF009800EBBE
:100FF0008304BEF1000F07D05D4600BF51F8040B1B
:10100000013520603444F9D10133013A08F1040874
:10101000CAD1002000E0FD2040B203B0BDE8F08F4F
:101020009FED1F1A20EE010A9FED1F2ABDEEC01A88
:10103000B5EEC00AF1EE10FA11EE100AB8BF013891
:1010400001EE100A0020B8EEC11A30EE410A9FED01
:10105000151A20EE010ABCEEC01A11EE101A30EE7D
:10106000021AB0EB512F18BF002102EE101A41F600
:10107000802000FE010AC0F60100B8EE422A00EB13
:10108000810090ED011A30EE420AB7EE002A32EEEE
:10109000402A20EE010A90ED001A02EE010A704784
:1010A00083F9223E00000044000000C470B50546EC
:1010B0000DF00EFE044628460DF096FD204370BD4F
:1010C00070B51EA20C4686B0064602AB1D4DD2E995
:1010D00000120020019083E8070001210246284603
:1010E00002F030FA642000900823304601AA03A9D8
:1010F00004F0AEFE01222846114602F023FABDF9A3
:101100000A20BDF90610BDF9080001EE102A00EE14
:10111000101A00EE900AB8EEC11ADFED0B1AB8EE05
:10112000C00AF8EEE00A21EE211A20EE210A60EE54
:10113000A10A84EC030A06B070BD000092FF555569
:1011400055555555000802583333EB3A70B51EA279
:101150000C4686B0064602AB1D4DD2E900120020B7
:10116000019083E8070008210246284602F0EAF9C8
:10117000642000900723304601AA03A904F068FE0A
:1011800001222846082102F0DDF9BDF909200C34BE
:10119000BDF90510BDF9070001EE102A00EE101A86
:1011A00000EE900AB8EEC11ADFED0A1AB8EEC00AD6
:1011B000F8EEE00A21EE211A20EE210A60EEA10AE3
:1011C00084EC030A06B070BD82555555555555003F
:1011D0000008025858A08B3A70B50C460546FFF738
:1011E0006FFF21462846BDE87040FFF7AFBFFEE71E
:1011F00000207047002010B509F016FD002010BD3A
:1012000008490022084810B508F0F8F809F090FCE9
:101210000146054808F0E5F8012009F005FD002029
:1012200010BD000050140024740F002410B508688D
:1012300009F09EFC002010BD10B509F0FBFC002059
:1012400010BD0000014800F069BB0000B40B002491
:10125000014800F063BB00002C0C0024014800F0A2
:101260005DBB00004C0A0024014800F057BB0000A1
:10127000A40C0024014800F051BB00001C0D002408
:10128000014800F04BBB0000C40A0024014800F0F4
:1012900045BB00003C0B0024014800F03FBB0000B0
:1012A000940D0024014800F039BB00000C0E00240E
:1012B000014800F033BB0000840E0024014800F018
:1012C0002DBB0000FC0E0024704772B6FEE7000044
:1012D000054805490839026842F0020202600868C0
:1012E0008004FCD5704700000C480258014801F00A
:1012F000B7BB0000A4030024014801F0B1BB00000B
:10130000A4030024014801F0ABBB00004404002406
:10131000014801F0A5BB000044040024014801F08D
:101320009FBB0000E4040024014801F099BB0000C9
:10133000E40400242DE9F84F044602F009F9009076
:101340003CB194F83500022806D080216165002068
:10135000E4E00120BDE8F88FC74DC74EC6491835F7
:1013600020683036DFF81483DFF814938842DFF802
:1013700014A3DFF814B32ED0A8422CD0B0422AD048
:10138000404528D0484526D0504524D0584522D045
:10139000BD4A183290421ED0BC4A90421BD0BB4A74
:1013A0001832904217D0B94A3032904213D0B74A1F
:1013B000483290420FD0B54A603290420BD0B34AC7
:1013C0007832904207D0B14A9032904203D0AF4A6F
:1013D000A832904209D1026822F01E020260206801
:1013E000426922F08002426103E0026822F00E02AC
:1013F000026027688F4238464DD0A8424BD0B04299
:1014000049D0404547D0484545D0504543D0584540
:1014100041D09D4A183290423DD09C4A90423AD0E9
:101420009A4A1832904236D0984A3032904232D09E
:10143000964A483290422ED0944A603290422AD046
:10144000924A7832904226D0904A9032904222D0EE
:101450008E4AA83290421ED08D4A90421BD08C4AB0
:101460001432904217D08A4A2832904213D0884AC8
:101470003C3290420FD0864A503290420BD0844A80
:101480006432904207D0824A7832904203D0804A38
:101490008C32974204D1206E026822F4807202607E
:1014A00075492068884228D0A84226D0B04224D06E
:1014B000404522D0484520D050451ED058451CD02C
:1014C00071491831884218D07049884215D06F4947
:1014D0001831884211D06D49303188420DD06B49A6
:1014E0004831884209D069496031884205D067494E
:1014F0007831884201D065499031016821F00101BD
:1015000001600EE002F024F80099401A052808D97D
:10151000202262650321002084F8351084F834000D
:1015200017E73868C007EDD1534A0121206890427F
:101530002ED0A8422CD0B0422AD0404528D04845D1
:1015400026D0504524D0584522D04F4B18339842CE
:101550001ED04E4B98421BD04C4B1833984217D09C
:101560004A4B3033984213D0484B483398420FD0FF
:10157000464B603398420BD0444B7833984207D0A7
:10158000424B9033984203D0404BA833984208D145
:1015900094F85C703F23A06D07F01F07BB40836089
:1015A00007E094F85C30A06D03F01F0301FA03F329
:1015B0004360206890424DD0A8424BD0B04249D001
:1015C000404547D0484545D0504543D0584541D087
:1015D0002D4A183290423DD02C4A90423AD02B4AA4
:1015E0001832904236D0294A3032904232D0274ABF
:1015F000483290422ED0254A603290422AD0234A67
:101600007832904226D0214A9032904222D01F4A0E
:10161000A83290421ED01E4A90421BD01C4A14325F
:10162000904217D01A4A2832904213D0184A3C32BE
:1016300090420FD0164A503290420BD0144A643276
:10164000904207D0124A7832904203D0104A8C322E
:1016500090420BD1D4E919024260E06E30B10268C9
:1016600022F480720260D4E91C024260002084F8F7
:10167000351084F834006DE6100002405800024036
:101680007000024088000240A000024010040240A6
:10169000085402582DE9F05F28B190F8351002295E
:1016A00004D0802141650120BDE8F09F904C904B13
:1016B0000168183C18338E4ADFF83C92A1428D4CE9
:1016C000DFF838E28E4FDFF83CB2DFF83CA28F4DF6
:1016D0008F4E31D091422FD099422DD0A1422BD0A4
:1016E000494529D0714527D0B94225D0DFF810C22D
:1016F0000CF1180C61451FD0DFF808C2ACF1600C8A
:10170000614519D0DFF8FCC1ACF1480C614513D03C
:10171000DFF8F0C1ACF1300C61450DD0DFF8E4C169
:10172000ACF1180C614507D0594505D0514503D09F
:10173000A94201D0B1422CD1DFF8B4C14FF0040866
:1017400080F83580ACF1180C61451DD091421BD05A
:10175000994219D0A14217D0494515D0714513D0EF
:10176000B94211D06648183081420DD065486038C2
:10177000814209D063484838814205D061483038F9
:10178000814201D05F481838086820F001000860E5
:10179000ABE0D1F800C02CF00E08DFF854C1C1F85E
:1017A0000080ACF1180C0168614527D0914225D02A
:1017B000994223D0A14221D049451FD071451DD067
:1017C000B9421BD0DFF838C10CF1180C614515D0B7
:1017D000DFF830C1ACF1600C61450FD0DFF824C1F7
:1017E000ACF1480C614509D0DFF818C1ACF1300C00
:1017F000614503D0DFF80CC1ACF1180CD1F800C082
:101800002CF0010CC1F800C0DFF8E4804FF0010CAF
:101810000168A8F11808414546D0914244D0994248
:1018200042D0A14240D049453ED071453CD0B9425A
:101830003AD0334A1832914236D0324A603A914215
:1018400032D0304A483A91422ED02E4A303A914214
:101850002AD02C4A183A914226D0594524D05145D5
:1018600022D0A94220D0B1421ED02A4A91421BD098
:10187000284A1432914217D0264A2832914213D076
:10188000244A3C3291420FD0224A503291420BD02E
:10189000204A6432914207D01E4A7832914203D0E6
:1018A0001C4A8C32914218D1016E0A6822F480726F
:1018B0000A6090F85C20816D02F01F020CFA02F2BF
:1018C0004A60D0E919124A60C16E31B10A6822F447
:1018D00080720A60D0E91C124A600022016D80F813
:1018E00035C080F8342001B188470020DCE60000D4
:1018F0002800024058000240700002408800024068
:10190000A00002407004024088040240A00402408B
:10191000B804024008540258406D70472DE9FC5F3E
:101920000446F74E0020DFF8D88300904FF416529B
:10193000F44808F11808A56DDFF8C493DFF8C0A3D8
:10194000016809F1300920680AF1480AB1FBF2F197
:10195000B04201912F68D5F800C0DFF8ACB335D0A4
:101960004146884232D0484530D050452ED0584567
:101970002CD0E5491831884228D0E34930318842DB
:1019800024D0E1494831884220D0E04988421DD026
:10199000DE491831884219D0DC493031884215D0EF
:1019A000DA494831884211D0DFF860E30EF1600E69
:1019B00070450BD0D54A7832904207D0D34B903344
:1019C000984203D0D149A83188427DD194F85C2057
:1019D000082102F01F0201FA02F23A424AD0B04254
:1019E00032D0404530D048452ED050452CD05845B7
:1019F0002AD0C54A1832904226D0C34A303290428B
:101A000022D0C14A483290421ED0C04A90421BD0D8
:101A1000BE4A1832904217D0BC4A3032904213D09E
:101A2000BA4A483290420FD0B84A603290420BD046
:101A3000B64A7832904207D0B44A9032904203D0EE
:101A4000B24AA832904203D1026802F0040202E0D6
:101A5000026802F008026AB1026822F00402026021
:101A600094F85C0000F01F008140A960606D40F0B8
:101A70000100606594F85C00012100F01F008140C6
:101A8000394240D02068B04234D0404532D0484539
:101A900030D050452ED058452CD09B4A1832904219
:101AA00028D0994A3032904224D0974A4832904206
:101AB00020D0964A90421DD0944A1832904219D0B4
:101AC000924A3032904200E0AFE113D08F4A483260
:101AD00090420FD08D4A603290420BD08B4A7832C0
:101AE000904207D0894A9032904203D0874AA83268
:101AF00090427DD1406910F0800F04D0A960606DE4
:101B000040F00200606594F85C00042100F01F00C2
:101B1000814039423ED02068B04232D0404530D07A
:101B200048452ED050452CD058452AD0764A1832F8
:101B3000904226D0744A3032904222D0724A4832C3
:101B400090421ED0714A90421BD0704A1832904287
:101B500017D06E4A3032904213D06C4A48329042CD
:101B60000FD06A4A603290420BD0684A7832904275
:101B700007D0664A9032904203D0644AA83290421D
:101B80004ED1006810F0020F04D0A960606D40F0E3
:101B90000400606594F85C00102100F01F00814093
:101BA000394258D02068B04234D0404532D0484500
:101BB00030D050452ED058452CD0534A1832904240
:101BC00028D0514A3032904224D04F4A4832904275
:101BD00020D04E4A90421DD04C4A1832904219D023
:101BE0004A4A3032904215D0484A4832904200E08A
:101BF00014E00FD0454A603290420BD0434A78320D
:101C0000904207D0414A9032904203D03F4AA832D6
:101C1000904207D1006800F0080006E0006872E713
:101C20000068B7E7006800F00400A0B1A960206870
:101C30000168490304D50068000308D5A16C07E0DA
:101C40000168C90503D4016821F008010160216C15
:101C500009B12046884794F85C00202100F01F005D
:101C60008140394279D02068B04232D0404530D0EE
:101C700048452ED050452CD058452AD0224A1832FB
:101C8000904226D0204A3032904222D01E4A48321A
:101C900090421ED01D4A90421BD01C4A18329042DE
:101CA00017D01A4A3032904213D0184A4832904224
:101CB0000FD0164A603290420BD0144A78329042CC
:101CC00007D0124A9032904203D0104AA832904274
:101CD00003D1006800F0100002E0006800F002008C
:101CE000B0B3A96094F835000428206801680FD0CB
:101CF00049037ED5006800032BD4616C2AE0000004
:101D000010000240840000247000024010040240D1
:101D100021F0160101602068416921F080014161D4
:101D2000206C08B9A06C20B12068016821F008017E
:101D3000016094F85C303F21012003F01F03002272
:101D40009940A96084F8350084F83420216D65E05D
:101D500003E0E16B09B120468847606D00287DD023
:101D6000606DC00759D02068042184F83510B04256
:101D70002BD0404529D0484527D0504525D058453F
:101D800023D09D49884220D09B49183188421CD0DD
:101D900099493031884218D09849884215D09749DE
:101DA0001831884211D09549303188420DD093497D
:101DB0004831884209D091496031884205D08F4925
:101DC0007831884201D08D499031016821F00101BC
:101DD000016020680099019A491C0091914202D843
:101DE0000168C907F6D10068C00710D003200FE0D2
:101DF000FFE70168C905ACD403680121002223F084
:101E00001003036084F8351084F83420A1E7012022
:101E100084F83500002084F83400E16C00291DD0DE
:101E200002B02046BDE8F05F0847754988421DD0E2
:101E300073491431884219D071492831884215D02C
:101E40006F493C31884211D06D49503188420DD0E4
:101E50006B496431884209D0694900E084E07831F7
:101E6000884203D066498C3188427DD194F85C80E9
:101E70000427016808F01F0807FA08F717EA0C0F93
:101E8000009746D04F0744D500980F04686003D5EB
:101E9000C8033CD4A16CC1E7880638D42068B0429E
:101EA0002DD055496039884229D0484527D0504522
:101EB00025D0584523D05049884220D04E4918316A
:101EC00088421CD04C493031884218D04B49884256
:101ED00015D04A491831884211D0484930318842DA
:101EE0000DD046494831884209D0704507D090420C
:101EF00005D0984203D04149A831884203D10168F6
:101F000021F0080102E0016821F004010160216C68
:101F100084E7022707FA08F717EA0C0F00974ED05C
:101F20008F074CD500980F04686003D5C80344D4CC
:101F3000616C73E7880640D42068B0422FD02E49E8
:101F4000603988422BD0484529D0504527D0584584
:101F500025D02949884222D02749183188421ED0ED
:101F600025493031884200E044E018D023498842B6
:101F700015D022491831884211D020493031884289
:101F80000DD01E494831884209D0704507D0904293
:101F900005D0984203D01949A831884203D101687D
:101FA00021F0140102E0016821F00A010160012121
:101FB00084F83510002084F83400E16B2EE7082205
:101FC00002FA08F212EA0C0F14D0090712D50168C0
:101FD00021F00E01016094F85C100120002201F054
:101FE0001F0100FA01F16960606584F8350084F82A
:101FF000342012E7BDE8FC9F880002401004024034
:10200000085402582DE9F05F044601F0A1FA002CB3
:1020100007467DD0E24E022120684FF00308DFF82A
:1020200084934FF00005DFF880A3B042DFF87CB363
:1020300034D0DB4A1832904230D048452ED050453B
:102040002CD058452AD0D94A1832904226D0D74AA7
:102050003032904222D0D54A483290421ED0D44AE3
:1020600090421BD0D24A1832904217D0D04A303218
:10207000904213D0CE4A483290420FD0CC4A6032C0
:1020800090420BD0CA4A7832904207D0C84A903268
:10209000904203D0C64AA83290427DD184F83510D0
:1020A000B04284F834502ED0BD49183188422AD02D
:1020B000484528D0504526D0584524D0BB49183132
:1020C000884220D0B949303188421CD0B7494831C4
:1020D000884218D0B649884215D0B549183188428F
:1020E00011D0B349303188420DD0B14948318842CE
:1020F00009D0AF496031884205D0AD497831884276
:1021000001D0AB499031016821F00101016008E084
:1021100025E100BF01F01CFAC01B052801D92021D0
:102120001AE120680068C007F4D1D4E902032168ED
:10213000103418438E4694E88410D4E903380968B3
:102140003A4310439B4A40EA0C0067691843114028
:10215000103C40EA0800042F40EA010003D1D4E912
:102160000B12114308436168A1F12902052A0BD91A
:10217000163A032A08D9083A012A05D9083A032A47
:1021800002D97439032901D840F48010CEF8000038
:102190002068676A406900E020E0042F20F0070013
:1021A00047EA00070DD1D4E90A01074349B12046A7
:1021B0000DF02AFB28B140206065012184F835101C
:1021C000CDE02068476120460DF048FB94F85C2084
:1021D0003F2102F01F029140816055E0764A904213
:1021E0001BD0754B1433984217D0734B2833984249
:1021F00013D0714B3C3398420FD06F4B5033984201
:102200000BD06D4B6433984207D06B4B78339842B8
:1022100003D0694B8C3398427ED184F8351084F812
:102220003450664B0168A26801EA030E402A74D05C
:10223000802A73D05FF00002D4E90378D4E9053135
:1022400042EAD70242EAD8085B4AD4E9077C48EA66
:10225000D30848EAD10141EAD701524241EA1C11B0
:10226000142341EA0E01016020681044B0FBF3F032
:102270008000E06520460DF0F1FA94F85C20012121
:1022800002F01F02914041602068B04257D044499B
:102290001831884253D0484551D050454FD0584509
:1022A0004DD042491831884249D0404930318842A6
:1022B00045D03E494831884241D03D4988423ED0D0
:1022C0003B49183188423AD039493031884236D0BA
:1022D00037494831884232D03549603188422ED062
:1022E0003349783188422AD031499031884226D00A
:1022F0002F49A831884222D02F4988421FD02E4929
:10230000143188421BD02C492831884217D02A49E1
:102310003C31884213D002E01DE017E018E0264966
:10232000503188420BD024496431884207D0224979
:102330007831884203D020498C31884229D1204607
:102340000DF0E6FAA06880280CD00CE0102273E7AC
:102350004FF4804270E74021616584F835800120A8
:10236000BDE8F09F6560216E20790860D4E919010D
:1023700041606068401E072808D820460DF016FB13
:10238000E06E0560D4E91C01416002E0E566256766
:1023900065670120656584F835000020E0E70000EE
:1023A000100002404000024058000240700002400D
:1023B000100402403F8010FE085402580F00FEFF38
:1023C0002DE9F84F04008C464FF00000009014D027
:1023D00094F83400012812D094F8355001200021DF
:1023E00084F83400012D0CD0C002606501200090FB
:1023F00084F834100098BDE8F88F0120FBE7022034
:10240000F9E78C4D0226206884F83560A8428A4D91
:1024100061658A4E8A4FDFF82C82DFF82C92DFF854
:102420002CA2DFF82CB226D0A84224D0B04222D071
:10243000B84220D040451ED048451CD050451AD047
:10244000584518D08349884215D0824918318842AE
:1024500011D08049303188420DD07E4948318842C0
:1024600009D07C496031884205D07A497831884268
:1024700001D078499031016821F001010160614685
:1024800020460DF0B1F86B49206888422CD0A84254
:102490002AD0B04228D0B84226D0404524D0484562
:1024A00022D0504520D058451ED06A4A90421BD0B9
:1024B000684A1832904217D0664A3032904213D0A0
:1024C000644A483290420FD0624A603290420BD048
:1024D000604A7832904207D05E4A9032904203D0F0
:1024E0005C4AA83290420CD1026822F01E0242F0EF
:1024F00016020260206C88B12068026842F008026F
:102500000BE0026822F00E0242F00A020260206C28
:1025100020B12068026842F004020260206888420C
:102520004BD0A84249D0B04247D0B84245D04045F0
:1025300043D0484541D050453FD058453DD0454A0D
:1025400090423AD0434A1832904236D0414A303213
:10255000904232D03F4A483290422ED03D4A6032BB
:1025600090422AD03B4A7832904226D0394A903263
:10257000904222D0374AA83290421ED0364A90422A
:102580001BD0354A1432904217D0334A2832904239
:1025900013D0314A3C3290420FD02F4A50329042F1
:1025A0000BD02D4A6432904207D02B4A78329042A9
:1025B00003D0294A8C3290420DD1206E0268D2039A
:1025C00003D5026842F480720260E06E18B10268BE
:1025D00042F4807202602068884226D0A84224D04B
:1025E000B04222D0B84220D040451ED048451CD031
:1025F00050451AD0584518D01649884215D015496B
:102600001831884211D01349303188420DD0114918
:102610004831884209D00F496031884205D00D49C0
:102620007831884201D00B499031016841F00101B5
:102630000160DFE610000240280002404000024036
:10264000580002407000024088000240A000024092
:10265000B8000240100402400854025870B5044605
:1026600000F076FF0546601C02D004480078044460
:1026700000F06EFF401BA042FAD370BD780000242A
:1026800010B590F89830012B09D0022B07D0D0F864
:102690009C1041F00201C0F89C10012010BD03689D
:1026A0009C6D0C4203D1DC6D44F0010404E09C6D90
:1026B00031EA04041FD00324DC658B0505D50368CB
:1026C000D3F8E0401443C3F8E0404B0505D5036858
:1026D000D3F8E4401443C3F8E4400068084A01EA30
:1026E0000203446D074A1C434465106840EA917038
:1026F0001060002010BDDC6D44F00204DCE7000037
:10270000FFFFCF3F14A8004070B5044690F8980032
:10271000022804D0D4F89C0040F008000DE02068A6
:10272000D0F8C03013F07C5F0BD0D0F8C4309B02DF
:102730000CD5D4F89C0040F40070C4F89C00012033
:1027400070BDD4F89C0040F02000F6E7D0F8C4003B
:10275000C0F3044520462B460DF00CFD21680120F6
:10276000A840C1F8D000C4F89400002070BD7047A4
:1027700070B590F89820012A09D0022A07D0D0F825
:102780009C1041F00201C0F89C10012070BD0B6844
:10279000CA6883B10B69072A43EA427325D00C7AD1
:1027A0004A6942EA84724968006F00EBC100C0E9DF
:1027B0000032002070BD072A0DD00C7AD6060D8A93
:1027C0004B6943EA847246EA0543C06E49681A437E
:1027D00040F82120EDE70B8A4FF06055D1E906243F
:1027E00042EA034245EA0423EFE78A69DBE730B5B2
:1027F00090F89850039C012D07D0D0F89C1041F020
:102800000401C0F89C10012030BD0D01016845EAAB
:10281000820040EA43002043C1F88000002030BD20
:102820007047000070B50D4606460CF0D1F8040064
:1028300000D0256515F0C07F02D0304609F02AF897
:10284000A8010FD514B1A06C401CA064304600F064
:1028500021FD304600F004FD20B905490022304634
:10286000FFF70EFF3046BDE8704009F013B80000D6
:1028700011008003D0F89C007047F0B50068406CF0
:1028800000F007020A60C0F302234B6000F0180456
:10289000C0F34015C0F38016C0F3C017C0F3C02CBE
:1028A000C0F3003EC0F34032C0F38033C0F30640B3
:1028B000C1E90930C1E907E20831002081E8F010E0
:1028C000F0BD0000F0B590F898500024022D04D01F
:1028D000D0F89C1041F0080129E0402905D0412999
:1028E00029D0056D8D4219D942E00568D5F8A06060
:1028F00016F4FE0F12D0D5F8A460760613D0D5F8E2
:10290000A460F60105D5D5F8A06016F0004F00D5FB
:102910000124D5F8A470466F456C24E0D0F89C10D3
:1029200041F0200103E0D0F89C1041F48071C0F820
:102930009C100120F0BD0568D5F8B06016F4FE0FBC
:10294000ECD0D5F8B4607606EDD0D5F8B460F601D9
:1029500005D5D5F8B06016F0004F00D50124D5F8A4
:10296000B470866FC56CC7F305273C44654302E02D
:10297000456DC66F4D4306EB85052E6816F0804603
:1029800056602E6836D026F060461660D5F800C036
:1029900000262E4F0CF0005CC2F808C0D5F800C02D
:1029A0000CF0004CC2F810C0B5F804C01FFA8CFC43
:1029B000C2F81CC0D5F804C0CCF3034CC2F80CC05C
:1029C000D5F804C00CF4801CC2F814C0D5F804C0BB
:1029D0000CF4001CC2F818C0D5F804C0CCF3066C87
:1029E000C2F820C0D5F804C008354FEADC7CC2F834
:1029F00024C008E0C6F38A46C7E700BF15F806C042
:102A000003F806C0761CD2F80CC017F80CC0B44509
:102A1000F4D840290AD041290CD020294FF00102D6
:102A20000CD200688A40C0F898200DE00068C0F819
:102A3000A84009E00068C0F8B84005E0006801F06F
:102A40001F018A40C0F89C200020F0BD9C140108A2
:102A50000068D0F8C40000F03F00704770470000E5
:102A60002DE9FF5FDFF80CB304460BF10401DBF83E
:102A7000000025680F68AA468007D5F85090696D58
:102A8000D5F850806E6D2A6DD5F854C02B6D00EAD4
:102A90008770009009F470496F6D286D01EA090193
:102AA0000191DAF85410DAF85490DAF8505008F03E
:102AB0000F0806EA0806029602F0F00203F07153CE
:102AC0006FEA09061F4000F060700CEA020CCDF8B6
:102AD0000CC0F20501EA00090CD4E843C00509D492
:102AE00000214FF48073CAF85030CBF80010204614
:102AF000FFF7B4FF700512D4E84340050FD42068F7
:102B000000234FF48068D0F8DC20D0F8E410C0F83F
:102B10005080CBF800301140204600F000FCDFF878
:102B200058A2009850B12268830F00EA0A0010658D
:102B3000CBF8003020460099FFF719FE019850B1FC
:102B40002268830F00EA0A001065CBF800302046A7
:102B5000019900F0E6FB029850B12268830F00EA69
:102B60000A001065CBF800302046029900F014FBF3
:102B7000039850B12268830F00EA0A001065CBF871
:102B800000302046039900F039FB30050CD4E843AF
:102B9000000509D4236800204FF400621A65CBF8C1
:102BA0000000204600F0BEFBB00512D4E8438005CB
:102BB0000FD4206800234FF40078D0F8D820D0F844
:102BC000E010C0F85080CBF800301140204600F0F3
:102BD000A7FB30030CD4E843000309D4236800208A
:102BE0004FF400221A65CBF80000204600F0D2FA1C
:102BF000F0030CD4E843C00309D4236800204FF449
:102C000080321A65CBF80000204600F087FB700385
:102C10000CD4E843400309D4226800204FF48023F9
:102C20001365CBF80000204600F077FBB0030FD40B
:102C3000E84380030CD4236800204FF400321A6567
:102C4000CBF80000D4F89C0040F08000C4F89C0051
:102C5000B9F1000F0BD022684FEA997309EA0A0014
:102C60001065CBF8003049462046FFF7DBFD5FB129
:102C70002268BB0F07EA0A001065CBF80030D4F8D1
:102C80009C003843C4F89C003C492068884268D1C5
:102C9000606881468068800763D0D9F82060D9F8E1
:102CA0002410D9F82080D9F82400D9F820C0D9F808
:102CB0002470D9F82030D9F82450D9F8202003F412
:102CC000FC4306F00F0AD9F824601D40D9F824B05F
:102CD00008F030080CF4C07C02F4F02211EA0A017A
:102CE00000EA080807EA0C0706EA0206D9F820A05D
:102CF00004D0C9F82010204600F00CFBB8F1000009
:102D000005D0616808624146204600F005FB6FEA85
:102D10000B0040060ED46FEA0A0040060AD4606831
:102D20004021C36BC26B01622046190C02F03F02C6
:102D300000F0F1FA2FB1606807623946204600F0D2
:102D4000E8FA35B160680562D4F89C002843C4F8FD
:102D50009C0036B160680662D4F89C003043C4F829
:102D60009C00D4F89C00002802D02046FFF758FDB4
:102D7000BDE8FF9F10A80040FFFFCF3F00A000402C
:102D80002DE9F04194B08D494C2204466846FDF788
:102D900022FC64B18A4D2068A84202D100F58070FF
:102DA000606094F898004FF0000820B108E001201E
:102DB00014B0BDE8F081204684F8998000F002F953
:102DC0002068816921F01001816100F0C1FB0327B7
:102DD000064604E000F0BCFB801B0A2811D82068DE
:102DE00080690007F6D42068816941F001018161A2
:102DF00000F0AEFB06460DE000F0AAFB801B0A289F
:102E000008D9D4F89C0040F00100C4F89C0084F874
:102E10009870CCE720688069C007EDD02068816990
:102E200041F002018161207C01282068816937D04E
:102E300041F040018161607C01282068816932D0C5
:102E400021F480418161A07C0128206881692DD016
:102E500041F4805181612068A268816921F4407148
:102E6000114381612068816921F0A401816120689A
:102E7000016921F010010161E068012819D010B347
:102E800002281BD02068816941F08001816120689F
:102E9000016941F010010161E06803280ED012E0E1
:102EA00021F04001C6E741F48041CBE721F4805195
:102EB000D0E72068816941F0040103E0206881695E
:102EC00041F020018161207E6FF0FF02D4E9077399
:102ED000A68A1102400602EB0727A0F100703843D2
:102EE00027685B1E184301EB06463043F861A06873
:102EF000B0F5407F11D104F12800A68C6FF00F0CC3
:102F000089C801EB0641401E02EB032210432268F0
:102F10000CEB071318430843D060206E30B12068D3
:102F2000626ED0F8C0101143C0F8C010D4E9171277
:102F30006846D14209D02168A36E51F8C82F50F8D5
:102F4000233022F007021A430A60216C49B121683C
:102F5000626C51F8BC3F50F8226023F00702324304
:102F60000A60A16C51B12168E36C51F8BC2F50F894
:102F7000233022F0700242EA03120A60216D51B13F
:102F80002168626D51F8BC3F50F8220023F4E062E2
:102F900042EA002008602068A84204D16068816885
:102FA00021F003018160C4F894800121C4F89C8061
:102FB00084F8981020460DF01BF9F9E6AC140108CE
:102FC00000A000402DE9F04FB5B0824614212EA894
:102FD000FDF755FBB8216846FDF751FB674C00270C
:102FE000DAF800004FF08051654A0C3C624E4FF019
:102FF0000108624D9042DFF88CB14FF002094FF0AA
:10300000090A38D100201B914A13CDE900206846F7
:1030100001F08AFA08B1FEF758F93068401C3060B8
:10302000012807D1286840F480702860286800F4DF
:1030300080703390206840F00800206020680323EF
:10304000CDE9307800F008002EA9CDE932A0CDE915
:103050002E39584600F068F900221320114600F07E
:103060003DFB132000F02CFB00221520114600F040
:1030700035FB15203BE0444A90423DD100201B9196
:103080004FF40042CDE90020684601F04DFA08B146
:10309000FEF71BF93068401C3060012807D1286812
:1030A00040F480702860286800F4807033902068B5
:1030B00040F00200206020686023CDE9307800F005
:1030C00002002EA9CDE932A03048CDE92E3900F01A
:1030D0002BF900221420114600F000FB142000F010
:1030E000EFFA00221620114600F0F8FA162000F040
:1030F000E7FA35B0BDE8F08F254A9042F9D10020BB
:103100001B914FF40042CDE90020684601F00CFA13
:1031100008B1FEF7DAF83068401C3060012807D1AA
:10312000286840F480702860286800F4807033902C
:10313000206840F008002060206805234FF44052CA
:1031400000F00800CDE930782EA9CDE93230CDE984
:103150002E29584600F0E8F800229F20114600F082
:10316000BDFA9F2000F0ACFA0022A020114600F02A
:10317000B5FAA020BBE7000000000024EC44025890
:1031800000A00040000C025800A4004000040258B7
:1031900000D400407047000070B50546C80722D033
:1031A00011492868884201D1104C0AE01049884230
:1031B00002D10E4C583404E00E49884201D10B4C28
:1031C000B0342846221D402104F12C03FFF77AFB7E
:1031D00009480078002806D0616B002903D0201D23
:1031E000BDE87040084770BD00A000405423002493
:1031F00000A4004000D400401C01002470B5054626
:10320000C80622D511492868884201D1104C0AE02D
:103210001049884202D10E4C583404E00E498842CD
:1032200001D10B4CB0342846221D412104F12C035E
:10323000FFF748FB09480078002806D0616B002999
:1032400003D0201DBDE87040084770BD00A00040BD
:103250005423002400A4004000D400401C0100249A
:1032600090F89810012907D0D0F89C1041F0040183
:10327000C0F89C1001207047022180F898100022AD
:1032800001688B6923F001038B61C0F89C20104614
:103290007047000010B590F898100022022906D05F
:1032A000D0F89C1041F00801C0F89C1012E00168B1
:1032B00003238C6944F001048C6101680DE0322A1B
:1032C0000AD900BFD0F89C1041F00101C0F89C1051
:1032D00080F89830012010BD521C8C69E407EED0B4
:1032E0008C69002224F010048C61016802E0322A0B
:1032F000E8D8521C8C692407F9D48C690023012278
:1033000044F002048C61C0F8943080F8982018468C
:1033100010BD7047704770477047704770477047DF
:1033200070477047704700002DE9F84F03247A4D2D
:1033300000234FF001094FF0B04B4FF00F0AE4E0CB
:1033400009FA03F6324078D00F7907F00307012F0E
:1033500001D0022F1AD187684FEA430ED1F80CC072
:1033600004FA0EF827EA08070CFA0EFC4CEA070CE0
:10337000C0F808C0476891F804C0B743CCF3001CFC
:103380000CFA03FC4CEA070CC0F804C00E79F643B3
:10339000B6070BD0C6684FEA43088F6804FA08FCEA
:1033A00026EA0C0607FA08F73743C7600E7906F0DD
:1033B0000306022E12D1DE080F694FEA437C00EBB0
:1033C0008606B646366A4FEADC6C0AFA0CF807FA4B
:1033D0000CF726EA08063743CEF820700F79066806
:1033E0004FEA430807F0030704FA08FC07FA08F756
:1033F00026EA0C06374307604E6816F4403F1CD09F
:10340000464E376847F00207376036689F0706F078
:103410000206009623F0030606F1B046B6463F0FBB
:10342000D6F80864DFF8F8800AFA07FC404526EA77
:103430000C0603D14FF0000C3AE065E0DFF8E4C081
:10344000604502D14FF0010C32E0DFF8DCC060458E
:1034500002D14FF0020C2BE0DFF8D0C0604502D162
:103460004FF0030C24E0DFF8C8C0604502D14FF0F4
:10347000040C1DE0DFF8BCC0604502D14FF0050C24
:1034800016E0DFF8B4C0604502D14FF0060C0FE043
:10349000DFF8A8C0604502D14FF0070C08E0DFF864
:1034A000A0C0604502D14FF0090C01E04FF00A0CBA
:1034B0000CFA07FC4CEA060CCEF808C44F68DBF89F
:1034C0000060FF0226EA020600D516435F46CBF8ED
:1034D0000060D1F804C0DBF804605FEA8C2C26EAB7
:1034E000020600D516437E606E684F6826EA020623
:1034F000BF0300D516436E602E684F6826EA0206A9
:10350000FF0300D516432E605B1C0A6832FA03F6EF
:103510007FF416AFBDE8F88F80000058F4440258DD
:10352000000002580004025800080258000C02581B
:10353000001002580014025800180258001C0258CB
:10354000002402580AB1816170470904FBE70000BA
:1035500001488068704700007800002402488168B4
:10356000027811448160704778000024032010B570
:1035700000F0D4F801F0EAFD0F4A1049146813680E
:10358000C4F3032203F00F038A5CC95C02F01F023C
:1035900001F01F01D0400A4A20FA01F111600949E7
:1035A00008600F2000F010F808B1012010BD00F0F5
:1035B00079F8002010BD00001844025820150108B9
:1035C000880000248400002470B50D4D044628783E
:1035D000A0B14FF47A71B1FBF0F00A490968B1FB70
:1035E000F0F002F019FE48B9102C07D20022214653
:1035F000501E00F073F800206C6070BD012070BD9B
:103600007800002484000024154BF0B5083B427874
:1036100013491A600B680A1F23F001030B6043680B
:103620001360057BC67A827A437B2D07847B45EA4B
:103630000665C77B90F809C0067A90F800E045EA75
:10364000C24040EA834040EA444040EA074040EA42
:103650000C2040EA460040EA0E000860F0BD000081
:10366000A0ED00E0BFF35F8F044800210368034A28
:1036700023F48033036070321160704724ED00E062
:10368000074A40F00100064970321060086840F4B3
:1036900080300860BFF34F8FBFF36F8F704700001B
:1036A00024ED00E0054808B5016841F00201016021
:1036B000006800F00200009008BD0000F4440258C9
:1036C000002809DB410900F01F028900012001F1F7
:1036D000E0219040C1F80001704700000E4BF0B4AB
:1036E0001B680D46C3F30223C3F10706042E00D95D
:1036F0000426191D072901D2002300E0DB1E012446
:1037000004FA06F19C40491E2940641E9940144069
:103710002143F0BC0CF050BE0CED00E0064900F077
:10372000070210B54FF6FF040868044B204040EA3A
:1037300002201843086010BD0CED00E00000FA05FF
:1037400001680123C0F8D834002280F8CC248869AD
:10375000044A40F000608861486D104348650020CD
:1037600070470000030000107047006841620020AD
:103770007047F0B503685D6A39B19F6A4C1E00203E
:103780004FF4827605EB17450BE045EA024098625C
:1037900010E0471C06EB800053F800C0F8B205EBC0
:1037A0001C45A042F5D34FF4807000EB810045EA40
:1037B00002421A500020F0BDD0F8E00406F037B9FC
:1037C00001EBC10200EB8202D0F8E004126A06F0BD
:1037D0008AB801EBC10200EB8202D0F8E004D2F813
:1037E000602206F0DCB8D0F8E00406F022B90A0640
:1037F00001F00F0101EBC10100EB810101D5143192
:1038000001E001F51571006806F0F2BF01F00F024A
:103810000B0670B502EBC20104464FF001004FF0F9
:10382000000504EB810102D54875143103E081F8ED
:10383000555201F515710A7094F89424012A08D0A4
:1038400084F89404206806F0F1FC002084F8945475
:1038500070BD022070BD70B50279044601F00F0002
:10386000904201D9012070BD01F00F024FF0000518
:103870000B0602EBC2014FF0010204EB810102D5FD
:103880004A75143103E081F8555201F515718D70B8
:10389000087094F89404012808D084F894242068CF
:1038A00006F02EFE002084F8945470BD022070BDF6
:1038B00001F00F0101EBC10100EB8100D0F86802BB
:1038C00070472DE9F04101F00F0604460D064FF058
:1038D000010006EBC6014FF0000504EB810102D5A3
:1038E0004875143103E081F8555201F51571C2F3A2
:1038F0000A024F780B718A600E7007B14E83022B5B
:1039000000D14D7194F89424012A09D084F89404CC
:10391000206806F0F1FB284684F89454BDE8F08155
:103920000220FBE770B501F00F05002405EBC5018F
:1039300000EB810101F5187181E81C0001F80B4CC6
:1039400001F80C5D8379012B00D1CA61827900688E
:1039500006F02EFE002070BD70B50D4601790446BC
:1039600005F00F00884201D9012070BD29064FF0F3
:1039700000064FF0010206D500EBC00104EB810107
:103980004A75143107E005EBC50104EB810181F8AC
:10399000556201F515718A70087094F89404012835
:1039A00007D084F89424206806F0D6FD280702D0BA
:1039B00007E0022070BDA17904F29C42206806F065
:1039C00073FD002084F8946470BD70B501F00F049D
:1039D000002504EBC401012600EB8101203181E8C0
:1039E0002C0001F80B6C01F80C4D8379012B00D1F0
:1039F000CA618279006806F0DBFD002070BD00001E
:103A00002DE9FC5F05680446284606F08DFF002876
:103A10007ED1206806F0B4FF002879D0D5F80808D8
:103A2000C0F30D20C4F8D404206806F0A9FF800775
:103A300004D52068416901F002014161206806F067
:103A40009FFFC10604F29C40009035D52068816933
:103A500021F0100181612F6A07F00F01C7F3434085
:103A600001EBC101022804EB810606F5157602D0B0
:103A7000062812D01BE047F6F070074217D0C7F3B4
:103A80000A12F1681746284606F07EFF7169F06851
:103A9000394471613844F06009E0009908222846F1
:103AA00006F072FF7069C7F30A110844706120685C
:103AB000816941F010018161206806F061FF000317
:103AC0004FF0080B4FF0000A4FF001097CD5206839
:103AD000002606F034FF074674E0F80770D020682F
:103AE000F1B206F045FF8046C00707D005EB46114E
:103AF000C1F8089B314620460BF0E4FF5FEA0870EE
:103B000024D505EB4611C1F808BBFA49206800E04E
:103B10003EE2026C00EB461001928A42D0F8081B8C
:103B200005D9090403D54FF40041C0F8081B20460D
:103B300000F00DFBEF490198884207D9A0790128D0
:103B400004D120680121009A06F0AEFC5FEAC8604B
:103B500004D505EB46111020C1F8080B5FEA887008
:103B60001DD56869000605D5D5F8040840F48061C4
:103B7000C5F8041806EBC60004EB800090F8571255
:103B800000F51570012905D180F803A02046F1B297
:103B900000F004FA05EB46110220C1F8080B5FEAB9
:103BA000886004D505EB46112020C1F8080B5FEAB8
:103BB000884005D505EB46114FF40050C1F8080BBD
:103BC0007F08761C002F88D1206806F0D9FE4003BC
:103BD0006ED5206806F0ACFE0026074666E0F807C2
:103BE00062D02068F1B206F0B1FE8046C00723D053
:103BF000D5F8342806F00F0C05EB461309FA0CF043
:103C00008243C5F83428C3F80899A07901280FD158
:103C100006EBC60004EB8000D0E9072111440162E5
:103C200036B9606A20B920680121009A06F03CFC90
:103C30002046F1B2FFF7C4FD5FEA087003D505EB3B
:103C40004611C1F808B95FEAC86004D505EB461112
:103C50001020C1F808095FEA486004D505EB461159
:103C60004020C1F808095FEA887016D53146284619
:103C700006F02FFE06EBC60004EB8000C17D143079
:103C8000012905D180F803A02046F1B200F082F9A5
:103C900005EB46110220C1F808095FEA086003D568
:103CA000314620460BF0BCFE7F08761C002F96D1D3
:103CB000206806F065FE002811DAD5F8040820F027
:103CC0000101C5F8041894F8CC0401283BD0204623
:103CD00000F022FA2068416901F00041416120684A
:103CE00006F04EFE00050BD5D5F80808C00702D037
:103CF000204600F055FA2068416901F400614161F5
:103D0000206806F03DFE00010AD52068416901F0F7
:103D10000061416194F8CC04E0B1204600F040FA23
:103D2000206806F02DFEC00472D5D5F8040820F0F6
:103D30000100C5F804082068102106F0CAFD002122
:103D40004FF67F322DE00021204684F8CCA4FFF707
:103D50000BFDBFE784F8CC942068406D0121C0F3CF
:103D60008300C4F8D0042046FFF7FEFCD8E700BF6C
:103D700005EB4110C0F80829D0F8003923F40013EE
:103D8000C0F80039C0F8082BD0F8003B23F400132A
:103D9000C0F8003BD0F8003B43F00063C0F8003BA4
:103DA000491C20798842E3D8D5F81C0840F001115D
:103DB000C5F81C18E07B68B1D5F8840840F00B0109
:103DC000C5F88418D5F8440840F00B012846C5F81A
:103DD00044180DE0D5F8140842F22B010843C5F849
:103DE0001408D5F8100840F00B012846C5F8101843
:103DF000D0F8000820F4FE61C5F80018A179206809
:103E0000009A06F051FB2068416901F4805141613C
:103E1000206806F0B5FD800416D5206806F0ACF9E0
:103E2000206806F074FDE07101F04AF9236801464C
:103E3000E279184606F008FE204600F057F920689F
:103E4000416901F400514161206806F099FD0007C5
:103E500007D5204600F064F92068416901F00801A7
:103E60004161206806F08CFD000615D5A869012681
:103E700020F08001A9610CE006EBC60004EB800095
:103E800090F85702012803D12046F1B2FFF7AFFCAA
:103E9000761C2079B042EFD8206806F071FDC00290
:103EA0001FD501264F4614E006EBC60005EB46136E
:103EB00004EB8001D3F800090A7E012A08D100280A
:103EC00006DAF0B2CF7540F080012046FFF78FFC94
:103ED000761C2079B042E7D82068416901F480114E
:103EE0004161206806F04CFD800234D501204A462D
:103EF00029E000000A30544F00EBC00305EB4016E8
:103F000004EB8301D6F8006B91F85832012B19D1DC
:103F1000002E17DA94F8D434C6F3004603F00103F8
:103F2000B3420FD181F85722A96941F08003AB61F8
:103F30006969090606D4D5F8040840F40070C5F88C
:103F4000040803E0401C21798142D5D820684169EA
:103F500001F400114161206806F012FD400007D510
:103F60002046FFF729FC2068416901F0804141614A
:103F7000206806F005FD40070AD5206845686807F7
:103F800002D52046FFF72FFC206841682943416095
:103F9000BDE8FC9FD0F8E00405F0A3BDD0F8E00434
:103FA00005F0B3BDF8B5040004D094F895040025DD
:103FB00010B106E00120F8BD204684F8945400F0CA
:103FC00057F8032084F89504206806F067FA207CEF
:103FD0008DF8000094E80F0006F0DCF80226B0BB74
:103FE0002068002106F0F0FC88BB002001270CE0CF
:103FF00000EBC001421C04EB81014F750D76CD61D1
:104000000D624D620875C885D0B221798142EFD822
:10401000002011E000EBC001421C04EB810181F89B
:10402000555281F85852C1F85C52C1F86052C1F83B
:10403000645281F85402D0B221798142EAD8207CBE
:104040008DF8000094E80F0006F072F910B184F8C2
:104050009564AFE7207B657484F89574012802D1DC
:104060002046FFF76DFB206806F054F90020F8BDEC
:1040700070B5B0B00446B8216846FCF700FB19499A
:10408000206888422CD100231024042502200E90A1
:104090004FF48022CDE90023CDE90A04CDE90C05D7
:1040A0004FF44066CDE90F630205684611932192F3
:1040B00000F03AFA08B1FDF708F900F0B3F80A4841
:1040C000016841F00071016000680022114600F0B3
:1040D00000702E904D20FFF701FB4D20FFF7F0FA06
:1040E00030B070BD00000440D844025870B504469A
:1040F000C079012570B1022801D0FDF7E6F8D4F8A7
:10410000E004294605F070FDD4F8E004BDE87040F5
:1041100005F024BD0025F2E7D0F8E00405F04DBD20
:10412000D0F8E00405F053BD10B5044690F89404AF
:1041300001280AD00120617484F89404206806F0F4
:1041400072FC002084F8940410BD022010BDD0F849
:10415000E02400F29C41104605F052BD10B590F8E5
:10416000941404460068012909D0012184F89414AC
:10417000C168490609D5617B012902D005E002200A
:1041800010BD816B41F480318163206806F07FFBB4
:10419000206806F0B1F8002084F8940410BD0000F7
:1041A00010B50446D0F8E00405F06CFD2068D0F8A6
:1041B000001E41F00101C0F8001EE07A002804D082
:1041C0000248016841F00601016010BD10ED00E0F9
:1041D000134970B50A68D243520705D5096801F042
:1041E0000701814213D118E00A6822F00702024356
:1041F0000A60FFF7ADF90A4D4FF47A760446083DA0
:1042000007E000BFFFF7A4F9001BB04201D901206D
:1042100070BD2868C0438004F4D4002070BD000045
:104220000C4802580248016841F0807101607047F3
:104230000C48025810B5F0B102210171002201684A
:1042400001230C6824F020040C60016821F0FF01B8
:104250000C6824F00F040C6001680C6824F01C0446
:104260000C6001684C6824F007044C608260C260F6
:104270000371002010BD012010BD000010B500F03A
:104280001FFF05490968054AC1F30211515C01F09D
:104290001F01C84010BD000020440258201501082D
:1042A000494930B5484C0B1D0A68143409681D682B
:1042B000246802F00303C5F30012C1F30531C4F30F
:1042C000CC04002914FB02F200EE102AF8EE400A9A
:1042D00075D03F4A9FED3D1AB7EE000A6BB1DFED96
:1042E0003D1A012B01D0022B64D002EE101A116886
:1042F000F8EE422A81EEA22A21E0334C283C2368C2
:104300009B0612D5344B246801EE901A1168C4F351
:10431000C104F8EE612AE34001EE903AC1F30801CE
:10432000F8EE611A81EEA22A0BE001EE901ADFEDA1
:104330002B2A00BFF8EE611A116882EEA12AC1F3A0
:10434000080101EE901A1168F8EE611A40EE811A28
:1043500071EE800A62EE200AC1F3462101EE101AC6
:10436000B8EE411A31EE001AC0EE811ABCEEE11A25
:1043700080ED001A1168C1F3064101EE101AB8EE83
:10438000411A31EE001AC0EE811ABCEEE11A80ED3E
:10439000011A1168C1F3066101EE101AB8EE411A54
:1043A00031EE000A80EE801ABCEEC10A80ED020AEE
:1043B00030BD04E001EE901ADFED092ABAE70021D2
:1043C000016041608160F3E7284402580000003931
:1043D000384402580024744A0090D0030024744CDE
:1043E000001BB74B494930B5484C0B1D0A681C34BB
:1043F00009681D68246802F00303C5F30022C1F3B5
:104400000551C4F3CC04002914FB02F200EE102A7B
:10441000F8EE400A75D03F4A9FED3D1AB7EE000A0C
:104420006BB1DFED3D1A012B01D0022B64D002EEFF
:10443000101A1168F8EE422A81EEA22A21E0334CCC
:10444000283C23689B0612D5344B246801EE901A51
:104450001168C4F3C104F8EE612AE34001EE903A1A
:10446000C1F30801F8EE611A81EEA22A0BE001EE19
:10447000901ADFED2B2A00BFF8EE611A116882EE68
:10448000A12AC1F3080101EE901A1168F8EE611A31
:1044900040EE811A71EE800A62EE200AC1F34621D5
:1044A00001EE101AB8EE411A31EE001AC0EE811A70
:1044B000BCEEE11A80ED001A1168C1F3064101EE6D
:1044C000101AB8EE411A31EE001AC0EE811ABCEE95
:1044D000E11A80ED011A1168C1F3066101EE101AAC
:1044E000B8EE411A31EE000A80EE801ABCEEC10A25
:1044F00080ED020A30BD04E001EE901ADFED092ADA
:10450000BAE70021016041608160F3E72844025866
:1045100000000039404402580024744A0090D0033F
:104520000024744C001BB74B2DE9FE4F0546DFF805
:1045300000A450F8081B0024FD4FC943019005F169
:10454000280026460AF1240A009008011DD4686E4E
:1045500050B1B0F5801F0CD0B0F5001F0ED0B0F5F3
:10456000401F1ED001240FE0386840F4003038604E
:1045700017E0019802210BF031FF03E000980221BF
:104580000BF0BCFF04000CD026462888C043C005B1
:1045900023D4A86D05281ED2DFE800F00C11161BED
:1045A0001B006A6EDAF8001021F440111143CAF8BA
:1045B0000010EAE7386840F40030386009E00198FC
:1045C00000210BF00BFF03E0009800210BF096FF99
:1045D0000446C4B100E0012426462888DFF8508351
:1045E000C04308F12C0840052FD4D5F8A400B0F53D
:1045F000C00F28D010DCB8B1B0F5001F19D0B0F54D
:10460000800F0FD11AE0AA6DDAF8001021F007012F
:104610001143CAF80010E0E7B0F5000F13D0B0F571
:10462000200F10D001240FE0386840F400303860CB
:1046300009E0019800210BF0D1FE03E00098002171
:104640000BF05CFF044694B126462888C043000561
:1046500030D4D5F8A800B0F1407F29D011DCC0B12A
:10466000B0F1807F1AD0B0F1007F10D11BE0D5F8F7
:10467000A420D8F8001021F460011143C8F80010FC
:10468000E3E7B0F1806F13D0B0F1A06F10D0012438
:104690000FE0386840F40030386009E001980021EC
:1046A0000BF09CFE03E0009800210BF027FF04466E
:1046B00094B126462868DFF878B2C0430BF1200B8E
:1046C00080011FD4E86CD8B110280FD0202812D058
:1046D000302815D0012414E0D5F8A820D8F800100F
:1046E00021F0E0611143C8F80010E3E7386840F4B6
:1046F0000030386004E0019802210BF06FFE0446A0
:1047000074B126462888C043C0042BD4E86DB0F5A8
:10471000005F20D00DDCA0B1B0F5805F0FD115E0B7
:10472000EA6CDBF8001021F030011143CBF80010E7
:10473000E8E7B0F5405F13D0B0F5804F10D001240A
:104740000FE0386840F40030386009E0019800213B
:104750000BF044FE03E0009800210BF0CFFE04466E
:104760008CB126462888C043800429D4286EB0F531
:10477000403F23D010DC08B3B0F5803F14D0B0F533
:10478000003F0FD115E0EA6DDAF8001021F4E041A6
:104790001143CAF80010E5E7B0F5802F0ED0B0F550
:1047A000A02F0BD001240AE0019801210BF016FE86
:1047B00003E0009801210BF0A1FE044694B12646C7
:1047C0002888C04340042AD4D5F8AC00B0F1405F3B
:1047D00023D010DC08B3B0F1805F14D0B0F1005FDB
:1047E0000FD115E02A6EDAF8001021F4E021114310
:1047F000CAF80010E4E7B0F1804F0ED0B0F1A04F3E
:104800000BD001240AE0019801210BF0E7FD03E041
:10481000009801210BF072FE044674B126462888E8
:10482000C04300041FD4E86ED8B1B0F1805F0ED051
:10483000B0F1005F10D0012414E0D5F8AC20D8F816
:10484000001021F0E0411143C8F80010E7E7386894
:1048500040F40030386004E0019801210BF0BEFD07
:10486000044674B126462868C043C0011ED4A86C13
:10487000D0B101280ED0022811D0032814D0012471
:1048800013E0EA6EDAF8001021F040511143CAF843
:104890000010E8E7386840F40030386004E0019820
:1048A00002210BF09BFD04466CB126462868C043EC
:1048B000400255D41F48016841F480710160FEF741
:1048C00047FE81460EE0AA6CDBF8001021F00301E0
:1048D0001143CBF80010E9E7FEF73AFEA0EB090020
:1048E00064283BD813480068C005F5D5BCBBDFF889
:1048F0004090B5F8B01009F14409D9F8000001F46E
:10490000407100F44070884211D0D9F80010D9F8F5
:10491000002021F4407142F48032C9F80020D9F817
:10492000002022F48032C9F80020C9F8001003E00A
:104930002C44025800480258D5F8B000B0F5807FEA
:1049400019D1FEF705FE029011E000BFFEF700FE50
:104950000299411A41F28830814208D9032426463F
:104960002878DFF81494C043C00721D03CE0D9F880
:1049700000008007EAD5D5F8B010C1F30120032864
:10498000FE480DD0016821F47C510160B5F8B020DB
:10499000D9F80010C2F30B021143C9F80010DFE789
:1049A000F74A036802EA111223F47C511143ECE741
:1049B000A86F182816D005DCA0B1082808D0102848
:1049C00004D10AE020280DD028280BD001240AE0C9
:1049D000019801210BF002FD03E0009801210BF08A
:1049E0008DFD044664B126462878C04380071ED456
:1049F000686F062819D2DFE800F0160C111616169B
:104A0000AA6FD9F8001021F038011143C9F800103D
:104A1000EAE7019801210BF0E1FC03E00098012195
:104A20000BF06CFD04467CB100E00124264628789A
:104A3000C04340071FD4D5F89000062819D2DFE8FC
:104A400000F0160C111616166A6FD9F8001021F036
:104A500007011143C9F80010E9E7019801210BF0A3
:104A6000BDFC03E0009801210BF048FD0446A4B111
:104A700000E0012426462878C04380062BD4D5F8D0
:104A80008C00B0F1405F24D011DC10B3B0F1805F36
:104A900015D0B0F1005F10D116E0D5F89020D8F80D
:104AA000001021F007011143C8F80010E3E7B0F14E
:104AB000804F0ED0B0F1A04F0BD001240AE0019836
:104AC00000210BF08BFC03E0009802210BF016FD97
:104AD000044694B126462878C04340062BD4D5F826
:104AE0009800B0F5406F24D011DC10B3B0F5806FA2
:104AF00015D0B0F5006F10D116E0D5F88C20D9F89C
:104B0000001021F0E0411143C9F80010E3E7B0F5CF
:104B1000805F0ED0B0F5A05F0BD001240AE00198B1
:104B200000210BF05BFC03E0009802210BF0E6FC97
:104B3000044694B126462878C04300062BD4D5F805
:104B40009C00B0F5C04F24D011DC10B3B0F5005F6D
:104B500015D0B0F5804F10D116E0D5F89820D8F8D0
:104B6000001021F4E0511143C8F80010E3E7B0F55C
:104B7000004F0ED0B0F5204F0BD001240AE0019871
:104B800000210BF02BFC03E0009802210BF0B6FC97
:104B9000044654B126462878C04300071ED4D5F8F1
:104BA0008000B0F5805F0AD00FE0D5F89C20D8F8DF
:104BB000001021F460411143C8F80010EBE70098A1
:104BC00002210BF09BFC00B10126D5F88020D9F81A
:104BD000001021F440511143C9F800102878C04357
:104BE000C00613D4D5F89400B0F5807F05D10098A5
:104BF00002210BF083FC00B10126D5F89420D8F8EF
:104C0000001021F440711143C8F800102868C04317
:104C1000000316D4D5F8A00038B1B0F5803F09D014
:104C2000B0F5003F0BD001240AE0019800210BF001
:104C3000D5FB03E0009802210BF060FC04468CB128
:104C400026462868C043400322D4D5F88400B0F536
:104C5000801F11D0B0F5001F13D0B0F5401F15D044
:104C6000012414E0D5F8A020D8F8001021F4403138
:104C70001143C8F80010E4E7386840F400303860A9
:104C800004E0009801210BF039FC04465CB1264693
:104C90002868C043C0031CD4286D70B1B0F5803FB4
:104CA00010D0012414E0D5F88420D9F8001021F4A4
:104CB00040111143C9F80010EAE7386840F40030A9
:104CC000386004E0019802210BF088FB0446DCB157
:104CD00026462868C043800005D4009802210BF0C6
:104CE0000DFC00B101262868C04380031BD4E86F87
:104CF000B8B1B0F5807F10D0B0F5007F11D0B0F51D
:104D0000407F0ED001240DE02A6DDBF8001021F465
:104D100080311143CBF80010DBE7386840F40030F5
:104D200038607CB326462868C043C00207D42A6F87
:104D3000DAF8001021F000411143CAF80010286889
:104D4000C043800207D4AA6EDAF8001021F0807107
:104D50001143CAF800102868C043400009D407482E
:104D6000016821F4004101600168D5F8B4201143C5
:104D700001602868C04306E05444025810440258B9
:104D8000CFFFFF001DE007D46A6DDBF8001021F0B3
:104D900040511143CBF800102868C043000208D4EA
:104DA000D5F88820D9F8001021F440011143C9F842
:104DB000001028790024C04300F00100204309D0EE
:104DC0000EE0EA6FD9F8001021F440711143C9F8E0
:104DD0000010A8E7019800210BF000FB00B1064687
:104DE0002879C04300F00200204305D10198012139
:104DF0000BF0F4FA00B106462879C04300F0040035
:104E0000204305D1019802210BF0E8FA00B10646D3
:104E10002879C04300F00800204305D10098002104
:104E20000BF06CFB00B106462879C04300F010007F
:104E3000204305D1009801210BF060FB00B106462C
:104E40002879C04300F02000044304D100980221D7
:104E50000BF054FB00B916B10120BDE8FE8F002015
:104E6000FBE700002DE9F05F04000F467ED0DFF87D
:104E70003882D8F8000000F00F00B8420CD2D8F801
:104E8000001021F00F013943C8F80010D8F80000D5
:104E900000F00F00B84269D12078844D40070AD550
:104EA0002069296801F07001884204D9296821F03D
:104EB00070010143296020787C4E361D00070AD519
:104EC0006069316801F07001884204D9316821F0CD
:104ED0007001014331602078C0060AD5A0693168AD
:104EE00001F4E061884204D9316821F4E0610143B2
:104EF00031602078DFF8B4B180060BF1080B0CD5D7
:104F0000E1695846DBF8002002F07002914204D9B2
:104F1000026822F070020A430260207880070AD5F6
:104F2000E068296801F00F01884204D9296821F05E
:104F30000F01014329602078C0073ED05B49A26879
:104F40002868183920F470601043286060680228CF
:104F500018D0032819D00968012819D04907002959
:104F60004ADADFF848A1AAF1080A00E044E0DAF8DA
:104F7000002022F007020243CAF80020FEF7E8FAF8
:104F8000814612E009688903E9E709688901E6E7D3
:104F9000C905E4E7FEF7DCFAA0EB090141F288302D
:104FA000814202D90320BDE8F09F6168DAF8000071
:104FB00000F03800B0EBC10FECD1207880070AD5A3
:104FC000E068296801F00F01884204D2296821F0C5
:104FD0000F0101432960D8F80010404601F00F018D
:104FE000B9420BD9016821F00F0139430160006813
:104FF00000F00F00B84201D00120D4E7207840072C
:105000000AD52069296801F07001884204D2296814
:1050100021F0700101432960207800070AD56069FA
:10502000316801F07001884204D2316821F07001CA
:10503000014331602078C0060AD5A069316801F4C7
:10504000E061884204D2316821F4E06101433160BB
:10505000207880060CD5E1695846DBF8002002F084
:105060007002914204D2026822F070020A43026088
:1050700000F06CF80E492A682B68C2F3032203F093
:105080000F038A5CC95C02F01F0201F01F01D040CF
:10509000084A20FA01F111600749086007480068D2
:1050A000BDE8F05FFEF790BA0020005218440258A5
:1050B0002015010888000024840000247C000024BE
:1050C00030B500F043F80B4A0B490C4B15681468D7
:1050D000C5F3032204F00F048A5C095D02F01F028D
:1050E00001F01F01D040064A20FA01F1196010605A
:1050F000084630BD184402582015010888000024D5
:105100008400002400B5FFF7DBFF05490968054A64
:10511000C1F30211515C01F01F01C84000BD000045
:105120001C4402582015010800B5FFF7C9FF0549C6
:105130000968054AC1F30221515C01F01F01C84012
:1051400000BD00001C44025820150108454970B5F7
:1051500045480968434B103B11F0380208D0011153
:10516000082A03D0102A0BD0182A0BD0084670BD8D
:1051700019688906FBD51968C1F3C101C84070BD23
:105180003A4870BD3749374D18310C1D24350A682F
:10519000096826682D6802F0030406F00102C1F3D5
:1051A0000511C5F3CC0515FB02F200EE102AB8EE8E
:1051B000400AE9B32F4ADFED2E0AB7EE001A6CB1B0
:1051C000DFED2D1A012C01D0022C43D002EE101A73
:1051D0001068F8EE422A81EEA22A1EE01C68A4069E
:1051E00011D51B6801EE901A1168C3F3C103F8EEE4
:1051F000612AD84001EE900AC1F30800F8EE611A66
:1052000081EEA22A0BE001EE901ADFED1C2A00BF0E
:10521000F8EE611A106882EEA12AC0F3080001EED0
:10522000900AF8EE611A40EE201A31EE810A00E091
:1052300015E022EE000A1068C0F34620401C00EE84
:10524000900AF8EE600A80EE201ABCEEC10A10EE59
:10525000100A70BD01EE901ADFED092AD8E7002090
:1052600070BD0000104402580090D00300366E015B
:1052700000000039304402580024744A0024744C61
:10528000001BB74B2DE9F05F04007DD0FF4F207865
:10529000FE4D1837DFF8F483103DC00748D0D8F82A
:1052A0000000396800F03800102815D0182803D104
:1052B00001F0030002280FD06068B0F5803F12D0E3
:1052C00010B1B0F5A02F18D0286820F480302860E5
:1052D000286820F4802009E02868800328D56068C9
:1052E0000028D2D024E0286840F48030286060682C
:1052F00088B1FEF72DF9064609E0286840F48020C1
:105300002860F0E7FEF724F9801B64287ED828681F
:105310008003F7D50CE0FEF71BF9064605E000BF59
:10532000FEF716F9801B6428F0D828688003F7D4AC
:105330002078800756D5D8F80000DFF850933968F8
:1053400010F03800A9F10C090ED0182801D18807F7
:105350000AD0E068A8B3296821F019010143296047
:10536000FEF7F6F8064628E02868400702D5E06810
:1053700000288AD0E168286820F0190008432860D6
:10538000FEF7E6F8064606E0D2E000BFFEF7E0F8DA
:10539000801B0228BAD828684007F7D5217CD9F8A5
:1053A000002022F0FE4242EA0161C9F8001019E033
:1053B000FEF7CEF8801B0228A8D828684007F7D54A
:1053C000ECE7FFE7286820F001002860FEF7C0F84E
:1053D000064604E0FEF7BCF8801B022896D8286831
:1053E0004007F7D42078C00646D5D8F80000DFF88B
:1053F0009C92396800F03800A9F10409082812D0FD
:10540000182805D101F00300012800E0CEE00AD001
:10541000E0690028286820D040F080002860FEF76E
:1054200097F8064615E02868C00502D5E06980288F
:105430007ED194F82010D9F8002022F07C5242EA64
:105440000161C9F8001017E0FEF782F8801B0228FE
:10545000A0D82868C005F7D5EBE720F080002860C9
:10546000FEF776F8064604E0FEF772F8801B022885
:1054700090D82868C005F7D42078000729D583483C
:105480006169643000298146016811D041F0010151
:105490000160FEF75DF8064605E000BFFEF758F82C
:1054A000801B022888D8D9F800008007F6D510E0C4
:1054B00021F001010160FEF74BF8064605E000BF50
:1054C000FEF746F8801B022870D8D9F80000800744
:1054D000F6D42078800623D5A0690028286810D04B
:1054E00040F480502860FEF733F8064605E000BF20
:1054F000FEF72EF8801B022858D828688004F7D5BC
:105500000EE020F480502860FEF722F8064604E002
:10551000FEF71EF8801B022848D828688004F7D4BC
:105520002078400751D5DFF86891D9F8001000E0E5
:1055300015E141F48071C9F80010FEF709F806463C
:1055400005E000BFFEF704F8801B64282ED8D9F8C8
:105550000000C005F6D54D4EA068603601280AD07F
:1055600008B1052813D0306820F0010030603068A1
:1055700020F0040002E0306840F001003060A068D4
:1055800041F2883A98B1FDF7E3FF81460AE03068BE
:1055900040F004003060EEE7FDF7DAFFA0EB090110
:1055A000514503D830688007F6D50EE072E0FDF76C
:1055B000CFFF814606E000BFFDF7CAFFA0EB09015F
:1055C000514567D830688007F6D4606A00287CD0DF
:1055D000DFF8B8A0D8F800100AF1200A4FF6F87BDF
:1055E0000AF10408C1F3C2010329AAF104096DD02C
:1055F0000228286820F08070286003D0FDF7A8FFFB
:10560000044681E0FDF7A4FF064604E0FDF7A0FF95
:10561000801B022875D828688001F7D4E26A40F21E
:10562000F331386854F8283F884340EA02101843A1
:105630003860217B4FF4FE0C22894FF0FE47208A10
:105640004902267D521E401EA1F5007189B2C2F3A7
:1056500008021143761E0CEA00400143484607EA5F
:1056600006621143CAF80010D9F8001021F00101B8
:10567000C9F80010D8F80030266A23EA0B0343EA81
:10568000C601C8F80010D9F8001004E01044025810
:105690000048025835E0A26921F00C011143C9F815
:1056A00000100168E26921F0020111430160016804
:1056B00041F480310160016841F40031016001680A
:1056C00041F480210160016801E06CE020E041F0DC
:1056D00001010160286840F080702860FDF738FF04
:1056E000044604E0FDF734FF001B022809D82868AF
:1056F0008001F7D557E000BFFDF72AFF001B022805
:1057000002D90320BDE8F09F28688001F4D44AE064
:1057100039680128DAF8000021D0A26A01F00303F9
:1057200093421CD1E26AC1F305118A4217D1216B61
:10573000C0F30802491E8A4211D1616BC0F34622B0
:10574000491E91420BD1A16BC0F30642491E914202
:1057500005D1E16BC0F30660491E814201D00120F2
:10576000D0E7A16C4646D8F80000C0F3CC008142D7
:1057700019D0D9F800004D4620F00100C9F800000A
:10578000FDF7E6FE4FEA0007FDF7E2FEB842FBD068
:10579000A26C306820EA0B0040EAC2003060286842
:1057A00040F0010028600020ACE770472DE9F04789
:1057B00004460068002103694269876894F88160A3
:1057C00000F130095FEA025C03EA02050AD51A0714
:1057D00008D5816941F400618161204600F015FA25
:1057E000BDE8F08715F0600F08D1680706D5616F36
:1057F00020468847216F20468847012105F0410057
:10580000012805D1680703D4216F2046884701216C
:1058100005F02200022806D1680704D4616F2046F3
:10582000BDE8F04708470029DAD128074FF0010802
:105830005BD52068816941F0080181612068816938
:1058400041F0100181612068816941F4006181614A
:105850002068016921F0080101612068806810F466
:10586000404F20D023E0E0680F2806D92068616E01
:10587000006B0860606E001D0FE0072806D9B9F8BC
:105880000000616E0880606E801C06E02068616E1A
:1058900090F830000870606E401C6066B4F86A00D2
:1058A000401EA4F86A00B4F86A000028DBD1204644
:1058B0000AF06EF984F88180D4F8840018B120468B
:1058C000FFF773FF8CE7052E07D0042E09D0032EB7
:1058D00086D1204600F060FC82E7204600F05EFCA6
:1058E0007EE7204600F090F97AE715F4587FE9D07A
:1058F00068060AD5D4F8840040F00400C4F8840097
:105900002068816941F040018161A8050AD5D4F879
:10591000840040F00100C4F884002068816941F4EB
:1059200000718161E8050AD5D4F8840040F00800D0
:10593000C4F884002068816941F480718161A806FF
:105940000AD5D4F8840040F08000C4F884002068B0
:10595000816941F020018161D4F884000028B1D030
:10596000206840F26B32C7F381310368032923F0CA
:10597000010101602068016921EA0201016102D090
:1059800084F881809BE72068104D816821F44041B4
:105990008160E06F50B10565E06FFBF77BFE28B1D9
:1059A000D4F8840040F04000C4F88400A06F0028C0
:1059B00088D00565A06FFBF76DFE00288CD0D4F869
:1059C000840040F04000C4F8840009E74DFC000862
:1059D0002DE9F047040029D0594A4FF0000920680A
:1059E000584B594D9042C4F8289006D0984204D0A4
:1059F000A84202D0E1680F2918D8E1684FF0010AE7
:105A0000E76B0831C9080AEB57167143904205D07D
:105A1000984203D0A84201D0082907D8904203D069
:105A2000984201D0A84204D1102902D90120BDE832
:105A3000F08794F8810020B9204684F8809000F027
:105A400085F8022084F881002068016821F00101B6
:105A500001602068A1698268B1F1806F02F4F811D9
:105A600010D16268B2F5800F01D01AB10AE0A26BC2
:105A700022B107E0A26BB2F1805F03D1026842F469
:105A8000805202606068400209D5E068072806D3AA
:105A90002068236D026822F480721A4303E02068B4
:105AA000026822F480720260A66AE069E26B2568EF
:105AB0003043E3680A4310431843A860D4E90D0259
:105AC000D4E90581636A25691843D4F820C00A43E4
:105AD000266810432843A56DD4E90172D4E9123138
:105AE00040EA080040EA0C003843084310431843DA
:105AF0002843F060606868B92068816821F4C0516B
:105B000041F4006181602068816821F4C06141F442
:105B1000806181602068016D21F00101016560688C
:105B2000400206D52068626DC16821F00041114332
:105B3000C160C4F8849084F881A0002077E7000059
:105B40000030014000380040003C004070B5B4B067
:105B5000044614212EA8FAF792FDB8216846FAF7F8
:105B60008EFD25492068884244D181140020179079
:105B70000446CDE900106846FEF7D6FC08B1FBF7F5
:105B8000A4FB1E48016841F480410160006800F4F4
:105B90008040339019480838016841F004010160E1
:105BA000016801F004013391016841F002010160D4
:105BB00000680526022500F00200339006202E9092
:105BC000CDE92F540E482EA9CDE93146FDF7ACFBA7
:105BD00028032E90CDE92F540A482EA9CDE931464D
:105BE000FDF7A2FB002224201146FDF777FD2420BB
:105BF000FDF766FD34B070BD00380040E84402583F
:105C00000008025800040258704770472DE9F84F09
:105C1000044600689946174600F1200B8A46FDF7B6
:105C200097FC064694F88100012839D1BAF1000F9B
:105C30007ED0002FFCD094F88000012830D0A268DC
:105C400000254FF0010884F88080032184F881103A
:105C5000C4F88450C4F85CA06566A4F86850656711
:105C600025672C34B2F5C02FA786E786E58754F860
:105C70002C0D18D0C16821F4C02141F40031C1605D
:105C8000206841686FF30F01394341602068016863
:105C900041F0010101606068B0F5800F08D00CE0B0
:105CA0000220BDE8F88F016841F400610160E7E778
:105CB0002068016841F400710160E0680F281CD879
:105CC00020E02068416989070BD5E16D0968016210
:105CD000E06D001DE065B4F86200401EA4F86200AB
:105CE0000BE0FDF735FC811B494503D3B9F1FF3FBC
:105CF00003D09DE0B9F1000F32D0B4F86200002863
:105D0000DFD179E007282FD872E020684169890740
:105D10001ED5B4F8621001290DD9E16B59B1E16DBE
:105D200009680162E06D001DE065B4F8620000E002
:105D30007CE0801E09E0E06D0188ABF80010E06DAA
:105D4000801CE065B4F86200401EA4F862000BE01D
:105D5000FDF7FEFB811B494503D3B9F1FF3F03D09B
:105D600066E0B9F1000F63D0B4F862000028CCD12E
:105D700042E02068416989072ED5B4F862100329F2
:105D80000CD9E16B402909D9E16D09680162E06D28
:105D9000001DE065B4F86200001F1AE0B4F862105C
:105DA00001290CD9E16B51B1E06D0188ABF800100D
:105DB000E06D801CE065B4F86200801E09E0E16DD2
:105DC000097880F82010E06D401CE065B4F86200AE
:105DD000401EA4F862000BE0FDF7BAFB811B4945A9
:105DE00003D3B9F1FF3F03D022E0B9F1000F1FD078
:105DF000B4F862000028BCD100224B46082120469E
:105E0000009609F031FF28B1D4F8840040F020005A
:105E1000C4F88400204609F0BBFE84F88180D4F8E1
:105E2000840084F8805000283FF43BAF012038E71D
:105E3000204609F0ADFED4F8841084F8805041F477
:105E40008071C4F8841084F88180032029E7000061
:105E50002DE9FF4F0446C06B17461D4683B042092B
:105E60002068521C00F1200130301FFA82FBCDE97E
:105E70000001FDF76DFB824694F881002E46012853
:105E800035D1049800287CD0002FFCD0002DFAD00A
:105E900094F8800001282AD04FF0010984F88090FE
:105EA00005224FF0000884F88120C4F884806766DA
:105EB000A4F86A50A4F868500499E165A4F8625007
:105EC000A4F86050C4F87080C4F874802068C16879
:105ED00021F4C021C160AD492068884205D0AC4999
:105EE000884202D0AB49884205D1102704E0022045
:105EF00007B0BDE8F08F082741686FF30F01294311
:105F000041602068016841F0010101606068B0F5FE
:105F1000800F04D12068016841F400710160E068DD
:105F20000F284CD9BF0838E020684169890710D58F
:105F30007EB1F119A9420CD9E16D09680162E06DE9
:105F4000001DE065B4F86200401EA4F86200B4F8D9
:105F500062602068416905B34269D20703D15D459B
:105F600010D209040ED5006B616E0860606E001DD2
:105F70006066B4F86A00401EA4F86A00B4F86A507B
:105F80000BE0F0E0FDF7E4FAA0EB0A011098814283
:105F900002D3401C01D004E018B156EA0500C3D179
:105FA000C8E0204609F0F4FDD4F8840084F880802D
:105FB00040F48070C4F8840084F88190E2E00728FF
:105FC0007BD97F084EE020684069800711D586B1F3
:105FD000F019A8420DD9E06D018801980180E06DAB
:105FE000801CE065B4F86200401EA4F86200B4F8BA
:105FF0006260216848692DB34969C9070AD00098D1
:106000000088616E0880606E801C6066B4F86A006B
:10601000401E13E05D4516D2010414D50098008897
:10602000616E0880606E801C60660099098801803E
:10603000606E801C6066B4F86A00801EA4F86A0076
:10604000B4F86A500EE0012D01D18004D7D4FDF7D9
:106050007FFAA0EB0A011098814202D3401C01D0C4
:1060600083E058B356EA0500ADD163E0206841698A
:10607000890711D586B1F119A9420DD9E16D0978C9
:1060800080F82010E06D401CE065B4F86200401E0E
:10609000A4F86200B4F86260206841696DB1426999
:1060A000D2070CD090F83000616E0870606E401C12
:1060B0006066B4F86A00401E24E038E055E05D45B3
:1060C00025D20A0423D590F83000616E0870606E06
:1060D000401C6066216891F830100170606E401CB1
:1060E0006066216891F830100170606E401C606637
:1060F000216891F830100170606E401C6066B4F841
:106100006A00001FA4F86A00B4F86A500FE0042D7A
:1061100002D211F4C04FC5D1FDF71AFAA0EB0A0163
:106120001098814202D3401C01D01EE0E8B156EA2B
:1061300005009BD1109B002208212046CDF800A02D
:1061400009F092FD28B1D4F8840040F02000C4F892
:106150008400204609F01CFD84F88190D4F8841056
:1061600084F8808081B10120C2E6204609F010FD4C
:10617000D4F8842084F8808042F48072C4F88420AB
:1061800084F881900320B3E60020B1E6003001409E
:1061900000380040003C0040704700001349097877
:1061A000002921D000681249884201D1114804E039
:1061B0001149884206D10F481030C168002913D018
:1061C000408908470D49884202D10A482030F4E747
:1061D0000B49884202D107483030EEE7094988422E
:1061E00002D104484030E8E7704700001C01002459
:1061F000003001405C24002400380040003C004096
:106200000034014000140058024A136883430B43D2
:106210001360704704040058401EB0F1807F10B531
:1062200001D3012010BD4FF0E02460610F21601701
:106230000AF0C2F80020A0610721216110BD70475B
:1062400070477047F0B590F83C20012A41D0224EAB
:10625000012480F83C40022280F83D2002681F4D56
:106260005368B242D2F808C001D0AA4203D14F68A5
:1062700023F470033B430F6823F070031F43576000
:106280000268B24219D0B2F1804F16D0144B9A4234
:1062900013D0144B9A4210D0134B9A420DD0AA42FD
:1062A0000BD0124B9A4208D0114B9A4205D0114B99
:1062B0009A4202D0104B9A4204D189682CF0800394
:1062C00019439160002180F83D4080F83C10084659
:1062D000F0BD0220F0BD00000000014000040140BC
:1062E0000004004000080040000C0040001800407E
:1062F0000040014000E0004000E4004010B5040010
:1063000003D094F83D0010B107E0012010BD00203B
:1063100084F83C00204600F023F8022084F83D0079
:106320002068211D02F048FA012084F8480084F812
:106330003E0084F83F0084F8400084F8410084F86F
:10634000420084F8430084F8440084F8450084F84F
:10635000460084F8470084F83D00002010BD00008E
:1063600008B5114A01681148914211D1016841F004
:106370001001016000680022114600F0100000903A
:106380003620FDF7ABF9BDE808403620FDF798B997
:10639000074A914207D1016841F04001016000685D
:1063A00000F04000009008BD00100040E844025892
:1063B0000018004090F83D10012901D001207047DD
:1063C000174B0222016880F83D2099421AD0B1F1A2
:1063D000804F17D01348814214D01348814211D006
:1063E000124881420ED0124881420BD0114881429E
:1063F00008D01148814205D01048814202D010488F
:10640000814207D188680F4A1040062806D0B0F5AF
:10641000803F03D0086840F001000860002070470A
:10642000000001400004004000080040000C004053
:1064300000040140001800400040014000E000401E
:1064400000E400400700010090F83D10012901D050
:10645000012070471A4A022180F83D100168CB687C
:1064600043F00103CB60006890421AD0B0F1804F36
:1064700017D01449884214D01349884211D01349C7
:1064800088420ED0124988420BD01249884208D067
:106490001149884205D01149884202D010498842EA
:1064A00007D181680F4A1140062906D0B1F5803F17
:1064B00003D0016841F00101016000207047000035
:1064C000000001400004004000080040000C0040B3
:1064D00000040140001800400040014000E000407E
:1064E00000E400400700010070B5044690F83C004D
:1064F0000025012814D03A4B012684F83C60022084
:1065000084F83D0022689068184020F47F40906035
:10651000086870282FD010DC10F00F0F03D022E095
:106520004FF0020070BD4FEA2012072A1BD2DFE8AD
:1065300002F0535353534B394100B0F1101F4BD06D
:1065400009DCB0F5805F0FD0B0F5005F1ED0B0F56C
:10655000801F08D140E0A0F5801120393CD01029DF
:106560003AD0202938D0012584F83D60002084F8F5
:106570003C00284670BD4A682068D1E9021302F049
:1065800098F92068816841F0770109E04A6820683D
:10659000D1E9021302F08DF92068816841F480414D
:1065A0008160E1E7CA684968206809F0D9FC206881
:1065B000502106E0CA684968206809F0E2FC2068BA
:1065C000602109F0C3FCCFE7CA684968206809F078
:1065D000C7FC20684021F4E7226801461046F0E736
:1065E00088FFCEFF70472DE9F04104460068002780
:1065F000C6680569A90713D5B10711D5FA1E02614E
:1066000001212177206880698007204602D0FFF7AA
:10661000E9FF04E000F0B4F8204600F076F92777AF
:10662000680716D5700714D5226802206FF00401A0
:10663000116120772068806910F4407F204602D0E5
:10664000FFF7D0FF04E000F09BF8204600F05DF972
:106650002777280715D5300713D5226804206FF057
:106660000801116120772068C0698007204602D0A8
:10667000FFF7B8FF04E000F083F8204600F045F98A
:106680002777E80616D5F00614D5226808206FF0A3
:106690001001116120772068C06910F4407F204606
:1066A00002D0FFF79FFF04E000F06AF8204600F0F8
:1066B0002CF92777E80708D0F00706D021686FF09B
:1066C00001000861204600F0B3F9280601D4A804AF
:1066D00008D5300606D521686FF4025008612046BF
:1066E000FFF7AEFDE80508D5300606D521686FF442
:1066F000807008612046FFF7A2FD680608D5700685
:1067000006D521686FF040000861204600F012FABB
:10671000A8060AD5B00608D521686FF020000861E8
:106720002046BDE8F041FFF78CBDBDE8F0810000D8
:1067300010B586B0044614216846F9F7A0FF0D494C
:106740002068884214D10C48016841F002010160C0
:106750000068002100F002000590022082030092F0
:10676000CDE90101CDE9031004486946FCF7DCFDE1
:1067700006B010BD00180040E04402580004025862
:10678000704770B5044690F83C0000260D4601287D
:106790000BD0012084F83C000C2A4AD007DC82B1DF
:1067A000042A20D0082A06D131E0022070BD102A28
:1067B00053D0142A63D00126002084F83C003046D0
:1067C00070BD206809F074FA2068816941F0080101
:1067D00081612068816921F00401816120682A6952
:1067E0008169114311E0206802F06CF8206881692A
:1067F00041F4006181612068816921F480618161D7
:1068000020682969826942EA01218161D4E7206810
:1068100009F0A0FA2068C16941F00801C16120684F
:10682000C16921F00401C16120682A69C16911436D
:1068300011E0206809F0DAFA2068C16941F40061CA
:10684000C1612068C16921F48061C1612068296942
:10685000C26942EA0121C161AEE7206809F002FB8A
:106860002068416D41F0080141652068416D21F0CB
:106870000401416520682A69416D114311E02068D7
:1068800009F02AFB2068416D41F4006141652068F0
:10689000416D21F48061416520682969426D42EAB9
:1068A0000121416588E710B5040003D094F83D004C
:1068B00010B107E0012010BD002084F83C00204604
:1068C00000F022F8022084F83D002068211D01F02C
:1068D00073FF012084F8480084F83E0084F83F00EC
:1068E00084F8400084F8410084F8420084F84300B2
:1068F00084F8440084F8450084F8460084F8470092
:1069000084F83D00002010BD7047704730B5044644
:106910004FF0020269B1042912D0082917D00C29BE
:106920001CD0102921D094F84300012824D0012044
:1069300030BD94F83E000128F9D184F83E201DE0D6
:1069400094F83F000128F2D184F83F2016E094F833
:1069500040000128EBD184F840200FE094F841007A
:106960000128E4D184F8412008E094F8420001288D
:10697000DDD184F8422001E084F843200122206820
:1069800001F08AFF1E4920681E4A1F4B884209D029
:10699000904207D0984205D01C4DA84202D01C4D11
:1069A000A84203D1456C45F40045456420688842FF
:1069B00018D0B0F1804F15D01649884212D0164930
:1069C00088420FD0154988420CD090420AD0144911
:1069D000884207D0984205D01249884202D0124915
:1069E000884207D18168114A1140062906D0B1F5C5
:1069F000803F03D0016841F001010160002030BDFB
:106A000000000140000401400040014000440140FA
:106A1000004801400004004000080040000C004015
:106A20000018004000E0004000E4004007000100C2
:106A30003049097800295CD000682F49884201D18B
:106A40002E480AE0B0F1804F05D02D49884208D188
:106A50002A48103001E0294808304068002848D012
:106A600000472849884202D124481830F5E72649D2
:106A7000884202D121482030EFE72449884202D1E0
:106A80001E482830E9E72249884202D11B483830A5
:106A9000E3E72049884202D118484030DDE71E492B
:106AA000884202D115484830D7E71C49884202D1B4
:106AB00012485030D1E71A49884202D10F48583065
:106AC000CBE71849884202D10C486030C5E7164927
:106AD000884202D109486830BFE71449884202D190
:106AE00006487030B9E71249884202D1034878302D
:106AF000B3E770471C010024000001409801002406
:106B00000004004000080040000C0040001000405D
:106B10000004014000180040001C0040002000401C
:106B200000400140004401400048014000E00040B6
:106B300000E40040704730B590F88410012918D067
:106B4000012280F884202421C0F88810002220240B
:106B500001680B680D6823F0005325F001050D60F6
:106B6000426601680B60C0F8884080F884201046B7
:106B700030BD022030BD10B5044690F884000128D5
:106B80001BD02420012184F88410C206C4F8880098
:106B900020680168036841F0005123F0010303609D
:106BA000626620680160204609F038FD2021C4F8A3
:106BB0008810002084F8840010BD022010BD006FF2
:106BC000704710B50446D0F88C00202801D0022070
:106BD00010BD61B15AB10123E36600202067204651
:106BE00002F070F90028F3D1E16E012901D00120F3
:106BF00010BD226810211162226852E8001F41F086
:106C0000100142E80013002BF6D110BD70B5044608
:106C100033480D460078002861D02046FFF7CFFFAB
:106C200001285CD02F4B21682F48CA1A994252D0B4
:106C300015DC2E4B4FF480649942A1EB030244D043
:106C400006DC2B4A89183ED0A14248D1C46813E023
:106C5000A2423CD0B2F5305F41D1C4690CE0B2F53C
:106C6000144F2ED0B2F5184F33D0B2F51C4F34D09C
:106C7000B2F5204F33D1846A002C30D094F85C12E6
:106C800001202E46884384F85C02C1EB0112C0EB60
:106C9000001002EB8201B4F85E2200EB800004EBEE
:106CA000810504EB80012068091D2D1DFFF789FF78
:106CB000D4F86022002A12D031462846BDE8704040
:106CC00010474468D8E78468D6E70469D4E7446984
:106CD000D2E78469D0E7046ACEE7446ACCE770BDA6
:106CE0001C010024007C004018020024004C0040DD
:106CF00000BCFFBF704770B5044690F884000128BF
:106D00001DD0012284F884202420C4F88800206843
:106D10000568026822F0010202602068826822F0A1
:106D200060620A438260204609F078FC22682021D4
:106D300000201560C4F8881084F8840070BD02201B
:106D400070BD70B5044690F8840001281DD0012262
:106D500084F884202420C4F888002068056802682C
:106D600022F0010202602068826822F060420A4339
:106D70008260204609F052FC226820210020156024
:106D8000C4F8881084F8840070BD022070BD70477C
:106D9000704770B501680446D0F888001025D4F813
:106DA0008C608968090618D5212816D1206808301A
:106DB00050E8001F21F0800140E80012002AF5D1C0
:106DC000E06F38B1FAF7B6FA20B1E06FFAF7A4FD38
:106DD000202823D0204609F04DF92068806840061D
:106DE0001AD5222E18D12068083050E8001F21F053
:106DF000400140E80012002AF5D1D4F8800040B1EB
:106E0000FAF798FA28B1D4F88000FAF785FD20281F
:106E100004D0204609F004F9002070BDC4F8905059
:106E2000032070BD30B4254C02682549131BA242D3
:106E30003DD015DC234C4FF48065A242A2EB040345
:106E40002FD006DC204BD21829D0AA4233D1C968F2
:106E500013E0AB4227D0B3F5305F2CD1C9690CE009
:106E6000B3F5144F19D0B3F5184F1ED0B3F51C4F1E
:106E70001FD0B3F5204F1ED1896A00291BD091F88D
:106E80005C22C2EB0213B1F85E2230BC03EB830339
:106E900001EB8301091DFFF794BE4968EDE789689E
:106EA000EBE70969E9E74969E7E78969E5E7096A1D
:106EB000E3E7496AE1E730BC70470000007C00402E
:106EC00018020024004C004000BCFFBF2DE9F04137
:106ED00007680025044640F60F030226F869396862
:106EE000BA6818420AD183067ED501F0200302F069
:106EF000805C53EA0C0377D0616F7EE1D44BDFF8FE
:106F000054C3134001EA0C0C53EA0C0C6CD05FEA3A
:106F1000C07C0CD05FEAC15C09D54FF0010CC7F80A
:106F200020C0D4F8907047F00107C4F8907087072C
:106F300009D5D70707D027683E62D4F8906046F09D
:106F40000406C4F8906046070AD5D60708D027681B
:106F500004263E62D4F8906046F00206C4F89060C1
:106F600006070CD501F020061E4308D0266808232A
:106F70003362D4F8903043F00803C4F8903003052E
:106F80000BD54B0109D526684FF400633362D4F862
:106F9000903043F02003C4F89030D4F89030002BA8
:106FA0003DD0800609D501F0200002F08051084351
:106FB00003D0616F09B1204688472168D4F890005A
:106FC0008968490602D410F0280F2AD0204609F01B
:106FD00027F82068806840061ED52068083050E8F1
:106FE000001F21F0400100E021E040E80012002AEB
:106FF000F3D1D4F8800078B197490165D4F88000C6
:10700000FAF748FB00280AD0D4F88000016D00E0B0
:107010002046BDE8F04108472046FFF703FFBDE8E2
:10702000F0812046FFF7FEFEC4F89050F7E7D4F851
:107030006CC02023BCF1010F7ED15FEAC06C7BD510
:107040005FEAC16C78D510203862206880684006FD
:1070500073D5D4F8802081491068884234D07F49A4
:107060001831884230D07D49303188422CD07B495C
:107070004831884228D079496031884224D0774904
:107080007831884220D07549903188421CD07349AC
:10709000A831884218D07249884215D070491831F9
:1070A000884211D06E49303188420DD06C49483148
:1070B000884209D06A496031884205D068497831F0
:1070C000884201D06649903140684FF480770004CF
:1070D000000C40D0B4F85C1081423CD9A4F85E00AA
:1070E000D069B8422FD0216851E8000F20F4807099
:1070F00041E80002002AF6D12068083050E8001F5D
:1071000021F0010140E80012002AF5D12068083082
:1071100050E8001F21F0400140E80012002AF5D19C
:10712000C4F88C30E566206850E8001F21F010019B
:1071300040E80012002A01E04AE019E0F3D1D4F857
:107140008000FAF7F7F82667B4F85C00B4F85E1030
:10715000401A81B208E0B4F85C1081427FF466AF57
:10716000D069B842FAD126672046FFF74FFD56E7AF
:10717000B4F85C00B4F85E10B4F85E20401A81B236
:10718000002AF4D00029F2D0226852E8000F20F43F
:10719000907042E80007002FF6D1324F206800F1CE
:1071A000080050E8002F02EA070240E8002CBCF17A
:1071B000000FF3D1C4F88C30E5666567226852E8A9
:1071C000000F20F0100042E80003002BF6D1CAE7C0
:1071D000C60209D5560207D54FF480103862204602
:1071E000BDE8F041FFF7D4BD06060AD501F08006E0
:1071F00002F40002164304D0A16F00297FF408AF07
:107200000DE7420611D54A060FD52046016851E820
:10721000002F22F0400241E80024002CF6D1C0F8F3
:107220008830856700F076FBF9E6020206D54A0051
:1072300004D52046BDE8F041FFF7A9BDC00196D5B1
:10724000002994DA2046BDE8F041FFF753BD000065
:107250000100001020010004250101081000024077
:1072600010040240FEFFFFEF10B5040003D0D4F875
:10727000880010B107E0012010BD002084F88400D0
:10728000204600F027F82420C4F888002068016810
:1072900021F001010160A06A10B1204601F06AFBF3
:1072A000204601F021FC0128E6D02068416821F445
:1072B000904141602068816821F02A018160206846
:1072C000016841F0010101602046BDE8104001F075
:1072D000B5BB00002DE9F04FB5B0044614212EA82F
:1072E000F9F7CDF9B8216846F9F7C9F9FF4D02273A
:1072F000DFF8F8934FF0040B083D0021FC4A2068AA
:10730000161590425DD100208A4602221D91CDE9DA
:1073100000206846FDF708F908B1F9F7D6FFD9F85B
:10732000001041F48011C9F80010D9F8000000F4F1
:1073300080103390286840F004002860286800F02E
:1073400004003390286840F0080028602868082569
:10735000B846574669022E9100F00800CDE92F8A01
:107360002EA9CDF8C4A0CDE93250E248FBF7DCFFEE
:10737000CDF8B8B02EA9CDE92F87DF48CDE931751A
:10738000FBF7D2FFDD4D4121DD4828608215C5E9BC
:107390000117C5E903766F611002C5E90672C5E9F8
:1073A00008072846FAF72EFE08B1F9F78EFF0022EB
:1073B000C4F8805035201146AC63FCF78FF93520B6
:1073C0006DE0D04A4FF0070A4FF0400890426BD171
:1073D00000208B4602221D91CDE900206846FDF772
:1073E000A3F808B1F9F771FFD9F8001041F0804116
:1073F000C9F80010D9F8000000F0804033902868E8
:1074000040F01000286028684FF4C0712E912EA91A
:1074100000F010005D46CDE92F7BCDF8C4B0CDE97A
:1074200032A0B948FBF780FFDFF8D0924F22B44971
:1074300009F178094831484689E82600C0E9035631
:10744000C9F81450C9F81850C9F81C50C9F8205090
:10745000C9F82450FAF7D6FD08B1F9F736FFA74F5F
:107460005023C4F88090F037C9F83840A44A384611
:10747000C7E903567D616032BD61FD613D627D6299
:1074800087E80C01FAF7BEFD08B1F9F71EFF0022EC
:10749000E76752201146BC63FCF720F95220FCF745
:1074A0000FF935B0BDE8F08F984A904278D10022AC
:1074B0001E91012389466846CDE90032FDF734F874
:1074C00008B1F9F702FF89480830016841F010015E
:1074D0000160006800F010003390286840F001005F
:1074E000286028684FF4C0612E912EA900F0010099
:1074F0004D46CDE92F79CDF8C490CDE932A084482E
:10750000FBF712FFDFF80CA229277D4B0322504620
:10751000303BCAF80850C0E90037C0E903564FF4C1
:107520000033CAF81450CAF824B0CAF81850C0E999
:107530000753CAE90A25CAF83050FAF763FD08B1C3
:10754000F9F7C3FEDFF8CC910321C4F880A02A2309
:1075500009F17809CAF838404846694A183AC0E93A
:107560000356C9F81450C9F81850C9F81C50C0E99E
:10757000085BC0E90A1589E80C01C9F83050FAF730
:1075800041FD08B1F9F7A1FEC4F87C900022012169
:10759000C9F838402520FCF7A1F825207FE7FFE750
:1075A0005D4A904265D100228B46022368461D91B8
:1075B000CDE90032FCF7B8FF08B1F9F786FED9F83B
:1075C000001041F40031C9F80010D9F8000000F4AF
:1075D00000303390286840F0080028602868602157
:1075E0002E912EA900F008005D46CDE92F7BCDF845
:1075F000C4B0CDE932A04048FBF796FEDFF8149105
:107600002B223F4909F1F0091831484689E8260044
:10761000C0E90356C9F81450C9F81850C9F81C50ED
:10762000C9F82050C9F82450FAF7ECFC08B1F9F772
:107630004CFE3A4F2C22C4F88090C9F838403846A6
:107640002F49C7E903567D613031BD61FD613D625F
:107650007D6287E80601FAF7D5FC08B1F9F735FE37
:10766000E76700220121BC632620FCF737F82620BB
:1076700015E72B4A90427DD100228B4602236846B3
:107680001D91CDE90032FCF74FFF08B1F9F71DFE5F
:10769000D9F8001041F48021C9F80010D9F8000091
:1076A00000F480203390286840F0080028602868A3
:1076B0004FF440712E912EA900F008005D46CDE9EF
:1076C0002F7BCDF8C4B0CDE932A00B48FBF72CFEE0
:1076D000124F0B48783778302D2187E82300C7E90F
:1076E00003567D61BD61FD613D621BE0E8440258C7
:1076F0000050004000080258000C02584C0A0024B8
:107700004000024000780040001002580010014084
:1077100000000258B40B0024004400401C0D00245B
:107720000048004038467D62FAF76CFC08B1F9F772
:10773000CCFDDFF838912E23C4F880704846BC6336
:107740004B4AC0E90356C9F81450C9F81850C9F893
:107750001C50C9F8205089E80C01C9F82450FAF7E8
:1077600051FC08B1F9F7B1FD0022C4F87C90012169
:10777000272000E005E0C9F83840FBF7AFFF2720DD
:107780008DE63C4A90427FF48CAE00221E9101238C
:1077900089466846CDE90032FCF7C6FE08B1F9F724
:1077A00094FD3548016841F080010160006800F0F7
:1077B00080003390286840F01000286028684D460B
:1077C000CDF8B8B02EA900F010003390CDE92F7994
:1077D000DFF8A890CDE9315B4846FBF7A5FD0B210A
:1077E00008202E90CDE92F75CDE931512EA94846BC
:1077F000FBF79AFDDFF8749076221D4909F17809AC
:107800001831484689E82600C0E90356C9F81450E3
:10781000C9F81850C9F81C50C9F82050C9F82450AC
:10782000FAF7F0FB08B1F9F750FD104F7722C4F8D2
:107830008090F037C9F838400D493846C7E90356FB
:107840007D613031BD61FD613D627D6287E8060189
:10785000FAF7D8FB08B1F9F738FD0022E7679C205A
:107860001146BC63FBF73AFF9C2018E60C0E00247F
:1078700010040240001C0140F0440258001002585D
:107880007047704770B50446D0F88800202801D0B2
:10789000022070BD39B332B3E06F0023216521258A
:1078A000A4F85420A4F85620C4F89030C4F88850A6
:1078B000D8B11549C163E16F14480864E16F1448F9
:1078C000C864E06F036513462068E56F00F1280285
:1078D000216D2846FAF774FD38B11021C4F89010D4
:1078E0002020C4F88800012070BD21684020086273
:1078F0002068083050E8001F41F0800140E8001285
:10790000002AF5D1002070BD3501010815000108DD
:10791000A7FF000870477047FEE7000070B5334CC2
:107920000125DFED332A04F5D87C00202DED028BF4
:107930000146024625700346C4ED732AB7EE008A5D
:107940008CEC030A84F83801C4F8400104F5A274F1
:1079500011EE900A84E80E00B0F17E5FA4F5A274E7
:1079600001DDF0EE481AC4ED741A0323002206214B
:10797000201D84ED642A03F095FB1E4B0122114665
:10798000A3F10800F9F78FF8D4F8EC0090229FEDEE
:107990001A0A1E4980ED008AD4F8EC0080ED010A35
:1079A000D4F8EC0080ED020AD4F8EC0080ED030A74
:1079B0001248C4F8D0001248C4F8D4001148C4F8E2
:1079C000D8001148C4F8DC0084F82E5084F82F50F9
:1079D000D4F804018834F8F7FEFD606F90220C495A
:1079E000BDEC028BBDE87040F8F7F5BDA03F002468
:1079F00077CC2B3268410024000000000DEF000816
:107A0000F9F2000849EE000841EF0008601501088E
:107A1000AC02002470B5FD4C2DED088BB0EE438A0E
:107A2000B0EE629AF0EE429AB0EE61AAF0EE41AA90
:107A3000B0EE60BAF0EE40BADFEDF58A207858B9C2
:107A4000B0EE682AF7EE001A9FEDF21ADFEDF20AA7
:107A5000B2EE040AFFF762FF18EE100AEF4AF0498F
:107A6000904202DA9FEDEF8A05E018EE100A884294
:107A700001DD9FEDED8AB6EE003A84ED6F8A94ED5C
:107A8000580AEA4D9022EA493BEEC00A84ED5B0AAF
:107A900060EE030A94ED590A3BEE400A60EE880A54
:107AA00084ED5C0A20EE031A94ED5A0A3AEEC00AFD
:107AB00021EE081A84ED5D0A60EE031A21EE880AB1
:107AC00085ED020AC5EC020AD4F8040104F58274BB
:107AD000F8F781FD95ED001A2068B1EE412A80ED9E
:107AE000012A95ED010A2068F1EE402AC0ED022A34
:107AF000D5ED020A2068F1EE601AC0ED031A206885
:107B000080ED061A2068C0ED080A2068C0ED092A39
:107B1000206880ED0C0A2068C0ED0D1A206880ED09
:107B20000F1A2068C0ED120A206880ED130A206841
:107B300080ED142AD4E91110A4F58274014305D113
:107B400084ED5EAAC4ED5F9A84ED609A94ED5E0ABE
:107B500094ED641AD4ED6F0A60EE011A30EE810ADA
:107B600020EE8A2A60EEA92A60EE893A81EE803AF8
:107B7000C2EE001AC2EE800A73EE211AC4ED5E1A3C
:107B8000D4ED5F2A62EE812A83EE802A82EE803A6B
:107B900073EE200AC4ED5F0AD4ED602A22EE811A4A
:107BA000C1EE002A21EEA10A00EEA00A32EE821AEE
:107BB00084ED601A01EE010A07F05AFC002085ED01
:107BC000030A04EB8002A368411CD2ED5E0A03EBBA
:107BD0008002C8B260EE800A0328C2ED000AF0D32A
:107BE00004F5B67090EC030A20EE000A00EEA00A3D
:107BF00001EE010A07F03CFCB7EE008A8D49C8EEA1
:107C0000000AC4ED650A10EE900AD5ED030A884219
:107C100088EE200A84ED660A0BDA10EE100A864917
:107C2000884206DD10EE100A8449884201DA0120FC
:107C300000E0002084F8390194ED6C0AD4ED6F0A5D
:107C4000D4F8180120EE200A80ED000A94ED6C0AA9
:107C5000D4ED6F0AD4F8180120EE200A80ED070A4F
:107C600094ED6C0AD4ED6F0AD4F8180120EE200AC6
:107C700080ED0E0A94ED6C0AD4ED6F0AD4F8180169
:107C800020EE200A80ED150A94ED6D0AD4ED6F0AFE
:107C9000D4F8180120EE200A80ED1C0A94ED6D0A3C
:107CA000D4ED6F0AD4F8180120EE200A80ED230AE3
:107CB000D4F81C0194ED6E0A80ED000AD4F81C0182
:107CC00094ED6E0A80ED040AD4F81C0194ED6E0A5E
:107CD00080ED080A201D03F0BDFC6068D0ED000AAD
:107CE000C4ED540A90ED010A84ED550AD0ED021A54
:107CF000C4ED561A90ED031A84ED571A90ED042A3C
:107D000020EE811A84ED582A90ED052A84ED592A37
:107D100020EEA02A00EE211AC4ED5A8AF0EE008A65
:107D200000EE002AF0EE480A21EE280A52EE280A58
:107D300008F0B8FF9FED429A20EE090A84ED6A0A26
:107D4000D4ED540AD4ED551A94ED570A20EEA01A3A
:107D500060EEA11A94ED562AF0EE480A00EE001AE1
:107D600042EE001A51EE280A21EEA80A08F09AFF06
:107D700020EE090A84ED690A94ED550AD4ED571AEC
:107D8000D4ED540A94ED561A20EE210AF8EE001AAA
:107D900000EEC10A20EE210A08F0E8FE20EE090AF2
:107DA000284984ED680A94ED6A0AD4ED760A70EEEB
:107DB000600A10EE900A884203DDB4F8D401401E38
:107DC00007E010EE900A2049884204D9B4F8D401A3
:107DD000401CA4F8D401B4F9D4019FED1C1A00EEA4
:107DE000900AF8EEE01AF0EE400A41EE810AC4ED86
:107DF0006B0A84ED760AF4E95201401C41F100015E
:107E0000C4E90001BDEC088B70BD0000A03F002458
:107E1000000000008096184B6F12833A17B7D138D4
:107E20000AD7233C17B7D1380AD7233C680200246D
:107E3000601501089A99993ECDCC1441CDCC2441CE
:107E4000E12E654200003443000034C30000B44317
:107E5000F0B500230A251C463026372711E000BF65
:107E6000B5EB107F02D906EB107C01E007EB107C2C
:107E700001F813C001EB430C00015B1C8CF80140BE
:107E8000DBB29342ECD3F0BD354808B5016841F050
:107E900001010160016801F001010091016841F0F8
:107EA0000201016000680022114600F0020000900B
:107EB0000B20FBF713FC0B20FBF702FC00220C202D
:107EC0001146FBF70BFC0C20FBF7FAFB00220D2000
:107ED0001146FBF703FC0D20FBF7F2FB00220E20FE
:107EE0001146FBF7FBFB0E20FBF7EAFB00220F20FD
:107EF0001146FBF7F3FB0F20FBF7E2FB00221020FB
:107F00001146FBF7EBFB1020FBF7DAFB00221120F8
:107F10001146FBF7E3FB1120FBF7D2FB00222F20D9
:107F20001146FBF7DBFB2F20FBF7CAFB00223820B2
:107F30001146FBF7D3FB3820FBF7C2FB00223920A8
:107F40001146FBF7CBFB3920FBF7BAFB00223A20A6
:107F50001146FBF7C3FBBDE808403A20FBF7B0BB76
:107F6000D84402581948002170B5174A0325026009
:107F7000012481600222C16013230474417484745B
:107F80000524C0E905254262C0E90734C0E90A5367
:107F900004630623C0E90D1200F13C02042482E8C8
:107FA0001A008364C0E91341C0E91541C0E9171400
:107FB000C0E91914FAF7E4FE002803D0BDE87040C8
:107FC000F9F783B970BD000000A00040A4030024AD
:107FD0001B4800212DE9F041184E012581604FF02A
:107FE000030C06600224C160052705741323417445
:107FF000042285740625C0E9054C446240F25236DD
:10800000C0E90737C0E90AC30A230564C0E91123A0
:10801000C0E90E41C0E91321C0E91521C0E91712DA
:10802000C0E91912C0E90C76FAF7AAFE002803D0BD
:10803000BDE8F041F9F749B9BDE8F08100A400407E
:10804000440400241B4800212DE9F041184E01256D
:1080500081604FF0030C06600224C160052705749F
:1080600013234174042285740625C0E9054C44623B
:1080700040F2A466C0E90737C0E90AC30A230564D1
:10808000C0E91123C0E90E41C0E91321C0E915215F
:10809000C0E91712C0E91912C0E90C76FAF770FEB0
:1080A000002803D0BDE8F041F9F70FB9BDE8F08131
:1080B00000D40040E4040024F0B587B014216846E1
:1080C000F8F7DDFA2E48016841F0100101600168FF
:1080D00001F010010591016841F00401016001689F
:1080E00001F004010591016841F08001016001681F
:1080F00001F080010591016841F002010160016811
:1081000001F002010591016841F008010160016878
:1081100001F008010591016841F00101016000686A
:108120004FF46046174F002200F0010031460590E1
:108130003846FBF707FA012238460921FBF702FA15
:1081400000250096012469463846CDE9014503958E
:10815000FBF7EAF8092069468DE8310038460394B8
:10816000FBF7E2F8E0036946CDE900050648029412
:10817000FBF7DAF80021E006FEF746F807B0F0BD9D
:10818000E044025800080258000002581249114801
:1081900010B508600846FCF74DF808B1F9F795F8F6
:1081A0000D490C481031203008600846FCF742F8B1
:1081B00008B1F9F78AF808490648203140300860CC
:1081C0000846FCF737F8002803D0BDE81040F9F75F
:1081D0007CB810BD20900052840500242DE9F041A8
:1081E00017484FF48007DFF854C00021FA00072633
:1081F000C0F800C01301C0E90362C0E90171C0E921
:10820000073141625510540081625201C162C0E9D8
:108210000D21C163016441648164C16401654165EC
:108220008165C0E90554FDF7D3FB002803D0BDE804
:10823000F041F9F74AB8BDE8F0810000003800408D
:10824000B405002430B58FB000241C21009407A889
:10825000019402940394049405940694F8F70FFA99
:108260001F4840F2E1426D231C4D8021C0E90242CB
:1082700004618161C0E90053FEF740F808B1F9F7E5
:1082800024F84FF48050009015486946FEF72CF909
:1082900008B1F9F71AF81248FEF705FB08B1F9F72B
:1082A00014F8202004900E4804A90694FDF7CAFF94
:1082B00008B1F9F70AF86020CDE90704084804225C
:1082C00007A909940B94FEF75CFA08B1F8F7FDFFD3
:1082D0000348FEF72DFA0FB030BD00000018004033
:1082E000880600243EB51148002440F2E7324FF4DE
:1082F0008973009480210194029481610A4DC0E940
:108300000242C0E90053FDF7F9FF08B1F8F7DDFFBD
:1083100020200090054869460294FDF793FF00284D
:1083200001D0F8F7D2FF3EBD001000403C0600240B
:1083300070B518480021164C042300F10C0C164DA2
:1083400022158CE80E008161A614C16101624162B0
:10835000816280E87000FEF787FF08B1F8F7B5FF8B
:108360000C480021FEF7EDFC08B1F8F7AEFF094814
:108370000021FEF7C0FC08B1F8F7A7FF0548FEF79B
:10838000FAFB002803D0BDE87040F8F79EBF70BD2F
:1083900000500040D4060024A086010018480021A7
:1083A00010B5164C0C224FF4E1330460C0E90131E2
:1083B000C160C0E904128161C161016241628162F0
:1083C000FEF752FF08B1F8F780FF0D480021FEF7D5
:1083D000B8FC08B1F8F779FF09480021FEF78BFCDB
:1083E00008B1F8F772FF0648FEF7C5FB002803D076
:1083F000BDE81040F8F769BF10BD000000780040EC
:10840000680700241848002110B5164C0C224FF4C0
:10841000E1330460C0E90131C160C0E90412816147
:10842000C161016241628162FEF71EFF08B1F8F787
:108430004CFF0D480021FEF784FC08B1F8F745FF1A
:1084400009480021FEF757FC08B1F8F73EFF06483F
:10845000FEF791FB002803D0BDE81040F8F735BFC8
:1084600010BD0000001C0140B8090024184800217C
:1084700010B5164C0C224FF461230460C0E90131A1
:10848000C160C0E904128161C1610162416281621F
:10849000FEF7EAFE08B1F8F718FF0D480021FEF7D5
:1084A00050FC08B1F8F711FF09480021FEF723FC42
:1084B00008B1F8F70AFF0648FEF73DFB002803D095
:1084C000BDE81040F8F701BF10BD000000100140EA
:1084D000FC0700241748002110B5154C0C22164B40
:1084E0000460C0E90131C160C0E904128161C16169
:1084F000016241628162FEF7B7FE08B1F8F7E5FE5E
:108500000C480021FEF71DFC08B1F8F7DEFE094813
:108510000021FEF7F0FB08B1F8F7D7FE0548FEF79B
:108520002AFB002803D0BDE81040F8F7CEBE10BDEE
:10853000004400409008002440420F0017480021EA
:1085400010B5154C0C22164B0460C0E90131C16016
:10855000C0E904128161C161016241628162FEF77A
:1085600083FE08B1F8F7B1FE0C480021FEF7E9FBE5
:1085700008B1F8F7AAFE09480021FEF7BCFB08B1D4
:10858000F8F7A3FE0548FEF7F6FA002803D0BDE889
:108590001040F8F79ABE10BD00480040240900249E
:1085A00040420F0010490122104810B501F076F941
:1085B00008B1F8F78AFE0E490C4801F08EFB08B1AD
:1085C000F8F783FE0B49094800F000FF08B1F8F7FF
:1085D0007CFE064801F006FC08B1F8F776FEBDE81F
:1085E0001040FBF71FBE000004000024740F00249D
:1085F000E400002464000024FEE7FEE70148FBF7E6
:10860000FFB90000701E0024704700009FED180A9B
:1086100010B503F07FFA1749174803F0BDFA174960
:10862000174802F025FB1749174802F021FB1749AC
:10863000174802F01DFB17491022174803F02EFBC4
:108640001649174803F07CFA02F008FC02F00AFD14
:10865000144804F013F80848FDF7F6FE124901200B
:1086600008704FF47A70BDE81040F9F7F7BF0000CA
:10867000000000000DB900083C06002485B7000882
:10868000A4030024CDB7000844040024F5B7000873
:10869000E404002401B600086807002451B600086D
:1086A000B4050024104200241C010024014803F0FA
:1086B0009BBE0000104200240148FDF777B800007F
:1086C000B405002470470178407841EA00207047E3
:1086D000FAF744BF2D48F0B52D4A016841F4700106
:1086E0000160106800F00F00072804D2106820F025
:1086F0000F00C01D106027490020264C10340B6865
:10870000254D43F001030B6020600B682B400B608C
:10871000136803F00F03072B04D9136823F00F032A
:10872000DB1D13601B4C1D4A18341D4B261D371DC5
:108730002060184C1B4D28343060261D3860371DD2
:1087400023603B1D35601C1D3A60251D2E1D1860E1
:10875000331D22602860326018600B680D4A0D4C92
:1087600023F48023D4320B60603420601068C0048E
:108770000BD4136843F2D2000B4943F480531360C7
:108780000860106820F480501060F0BD88ED00E0B3
:1087900000200052004402587FEDF6EA80020101F9
:1087A000000202020000FF01004000520148FDF7F4
:1087B0001ABF00003C0600242DE9F0472C4B4FF077
:1087C000804A2C4D026898422B4E2C4F2C4C09D0DD
:1087D000504507D0A84205D0B04203D0B84201D0DE
:1087E000A04205D1D1F804C022F070024CEA020286
:1087F000DFF890C0DFF890809842DFF8909015D0B5
:10880000504513D0A84211D0B0420FD0B8420DD07D
:10881000A0420BD0604509D0404507D0484505D05F
:108820001B4DA84202D01B4DA84203D1CD6822F4B3
:1088300040722A438E684D6922F08002C6620E683B
:108840002A439842866207D0A04205D0604503D0F3
:10885000404501D0484501D1096901630368012100
:1088600043F00403036041610260BDE8F08700004B
:10887000000001400004004000080040000C0040DF
:108880000004014000400140004401400048014014
:1088900000E0004000E4004010B5046A012301F04C
:1088A0001F018B409C4304628A40016A11430162AC
:1088B00010BD42EA032283680A4323F47F410A433E
:1088C00082607047F0B5DFF87CE01F4C1F4D026AF4
:1088D000036AA04222F0200623F0100303624268DC
:1088E0008369D1F808C00F6803EA0E0323F4407EC1
:1088F00046EA0C134EEA072601D0A84206D1CF68FB
:1089000023F0800343EA071323F04003A0420AD078
:10891000A84208D00E4CA04205D00E4CA04202D076
:108920000D4CA04207D1D1E9054522F4406242EA4C
:10893000840242EA8502426086614968816303627B
:10894000F0BD0000FF8FFFFE000001400004014069
:108950000040014000440140004801400148FEF74A
:10896000B5BA0000D40600240148FEF7AFBA0000F3
:108970006807002490F82810090706D50168836B62
:108980004A6822F400421A434A6090F82810C90746
:1089900006D00168C36A4A6822F400321A434A606A
:1089A00090F82810890706D50168036B4A6822F4FD
:1089B00080321A434A6090F82810490706D50168AA
:1089C000436B4A6822F480221A434A6090F82810C8
:1089D000C90606D50168C36B8A6822F480521A431F
:1089E0008A6090F82810890606D50168036C8A68A9
:1089F00022F400521A438A6090F82810490611D5D3
:108A00000168436C4A6822F480121A434A60416C40
:108A1000B1F5801F06D10168836C4A6822F4C00258
:108A20001A434A6090F82810090606D50168C26CFE
:108A3000486820F400201043486070472DE9F8434F
:108A400000250446C0F89050FAF782FD8046206861
:108A500020266FF07E470068000713D500224346AA
:108A600031042046009700F081FA58B1216851E89E
:108A7000000F20F0800041E80002002AF6D1C4F87F
:108A8000886021E020680068400722D50022434624
:108A90004FF480012046009700F068FAC8B12068C2
:108AA00050E8001F21F4907140E80012002AF6D12E
:108AB0002068083050E8001F21F0010140E8001252
:108AC000002AF5D1C4F88C60032084F88450BDE8F6
:108AD000F883C4F88860C4F88C60E56625670020D8
:108AE00084F88450F3E700002DE9F04304468068E1
:108AF000E24E87B0E24B2168D4E90427D4F81CC0C9
:108B000010430A68002547EA0C0738433240024305
:108B10000A602068E268416821F4405111434160D5
:108B20002268A1699A4201D0206A01439668DFF861
:108B300054C3D54FD54806EA0C060E43966021680B
:108B4000666ACA6A22F00F023243CA622268BA42D7
:108B50000ED1006800F0380018286FD07ADCB8B366
:108B600008286CD010286BD18BE0282868D18EE0C3
:108B7000C7498A4209D1006800F0070006285FD281
:108B8000DFE800F0507D7F818385C2498A4209D1A8
:108B9000006800F0070006287BD2DFE800F0437091
:108BA00072747678BC498A4209D1006800F00700E7
:108BB00006286ED2DFE800F036636567696BB74957
:108BC0008A420BD1006800F00700062861D200E05D
:108BD00043E0DFE800F0275456585A5CB0498A4217
:108BE00006D1006800F0380018284CD0B7DD31E01D
:108BF000AC498A4209D1006800F00700062848D233
:108C0000DFE800F0103D3F414345A7498A420BD1C0
:108C1000006800F0070006283BD2DFE800F00330D0
:108C200032343638002035E0A0498A4209D1006844
:108C300000F03800182826D091DD0BE023E01EE07C
:108C400027E09B498A420AD1006800F038001828C2
:108C500019D084DD202888D11CE001201AE09A4236
:108C600017D18A48001D006800F00700062810D2BE
:108C7000DFE800F0030507090B0D02200AE00420DD
:108C800008E0082006E0102004E0202002E0402058
:108C900000E080208749DFF820829A42874A4FF41B
:108CA00000434FEA21174FF000064ED110281AD08A
:108CB00006DC022809D004280BD008287ED10DE05C
:108CC00020283ED0402879D13DE0FBF7D7FA014675
:108CD00010E06846FBF7E4FA01990BE003A8FBF704
:108CE00081FB049906E01068800605D51068C0F382
:108CF000C100C140002970D0606A676838F8102050
:108D000007EB4703B1FBF2F0834257D8B0EB073FC4
:108D100054D8002308461946F7F7A1FB0246780805
:108D2000130E120243EA012110183A467141002342
:108D3000F7F795FB624AA0F5407191423ED8216851
:108D40008FE03946D8E71946D6E7D4F81CC04FF66D
:108D5000EF799C4546D1082819D005DC58B1012887
:108D60000CD0042875D10DE0102815D0202835D05E
:108D700040286ED134E0FCF7C5F901E0FCF7D4F9E6
:108D8000014610E06846FBF78BFA01990BE003A857
:108D9000FBF728FB049906E01068800604D51068EC
:108DA000C0F3C100C140C1B1636A606838F81330D4
:108DB000B1FBF3F1490001EB500100E049E0B1FBE8
:108DC000F0F0A0F11001494543D84FF6F073216847
:108DD000C0F342021840104343E043E03946E3E762
:108DE0001946E1E7082819D005DC58B101280CD054
:108DF00004282ED10DE0102815D020282BD0402893
:108E000027D12AE0FCF77EF901E0FCF78DF9014655
:108E100010E06846FBF744FA01990BE003A8FBF762
:108E2000E1FA049906E01068800604D51068C0F3E2
:108E3000C100C140B1B1636A606838F81330B1FB5A
:108E4000F3F101EB5001B1FBF0F0A0F11001494545
:108E500005D9012506E03946EDE71946EBE721681B
:108E600080B2C8600120A4F86A00A4F8680028460F
:108E70006667A66707B0BDE8F0830000F369FFCF1F
:108E8000000C0058FFF4FF11001001405444025838
:108E90000044004000480040004C004000500040AA
:108EA0000014014000780040007C004000180140A0
:108EB000001C01400090D003F8140108004402583F
:108EC000FFFC0F0070B50446D0F880000023222577
:108ED000A165A4F85C20C4F89030C4F88C50F0B1BF
:108EE0001F49C163D4F880101E480864D4F880106C
:108EF0001D48C864D4F8800003651346A56D216839
:108F0000D4F880002A462431F9F75AFA38B11021F2
:108F1000C4F890102020C4F88C00012070BD206996
:108F200040B1216851E8000F40F4807041E8000230
:108F3000002AF6D12068083050E8001F41F00101F6
:108F400040E80012002AF5D12068083050E8001FE0
:108F500041F0400140E80012002AF5D1002070BD28
:108F6000A3000108F5FF0008A7FF00082DE9F0475E
:108F7000994617460D460446089E4FF0000833E018
:108F8000701C31D0FAF7E4FAA0EB0900B04218D80F
:108F9000BEB120680168490726D5802D24D0402D18
:108FA00022D0C169C94309070DD4082505622046AE
:108FB00007F036F8C4F89050012084F88480BDE8AA
:108FC000F0870320FBE7C069C04300050CD421688B
:108FD0004FF400600862204607F022F82021C4F810
:108FE000901084F88480ECE72068C06935EA0000BE
:108FF00004D00020B842C3D00020E0E70120F9E708
:109000000148FDF763BF0000B80900240148FDF7DF
:109010005DBF0000FC0700240148FDF757BF0000BA
:10902000900800240148FDF751BF000024090024E6
:109030002DE9F0410C46D0F8D412D0F8C83200EB3C
:109040008101D1F8C01229B304F00F02002702EB0E
:10905000820500EB8506B5694DB102EBC20203EB58
:109060008202D269B5FBF2F302FB1352A2B1C1F83E
:109070001472D0F8D42200EB8200D0F8C402036945
:109080002BB1D1F8080201F504712246984700205F
:10909000BDE8F0810320FBE7002321461A46B761B3
:1090A00000F0FDFDF3E770B50546D0F8D40205EBFE
:1090B0008000D0F8C04294B1284600F0CAFCC4F841
:1090C0000C02D5F8D40205EB8000D0F8C412D4F815
:1090D0000402CA6804F503719047002070BD0320A4
:1090E00070BD000070B5224D0446297800F0F2FBF7
:1090F0002878002600F00F0000EB800004EB8000D1
:1091000086842046697800F0E5FB687800F00F005F
:1091100000EB800004EB8000A0F864612046A97891
:1091200000F0D8FBA87800F00F0000EB800004EB03
:1091300080008684C684D4F8D40204EB8000D0F882
:10914000C01299B1D0F8C40240688047D4F8D40264
:1091500004EB8000D0F8C00200F0C9FFD4F8D402BC
:1091600004EB8000C0F8C062C4F8BC62002070BD8F
:109170009000002410B5D0F8D41200EB8100D0F894
:10918000C04284B1D0F8C41259B194F80002FF284B
:1091900007D08B68214694F801229847FF2084F875
:1091A0000002002010BD032010BD00000A21018034
:1091B000004870479400002470B5822106460D488F
:1091C00000F092FA012105460A4800F08DFA81214B
:1091D0000446084800F088FA0DB11021A9714FF03B
:1091E000400104B1A18000B181804320308001485A
:1091F00070BD0000A000002470B5822106460D4815
:1092000000F072FA012105460A4800F06DFA81214A
:109210000446084800F068FA0DB11021A9714FF416
:10922000007104B1A18000B18180432030800148E9
:1092300070BD0000A000002470B5822106460D48D4
:1092400000F052FA012105460A4800F04DFA81214A
:109250000446084800F048FA0DB11021A9714FF0FA
:10926000400104B1A18000B18180432030800148D9
:1092700070BD0000A00000242DE9F0474FF40775F1
:109280000446284600F034FF06004FF0000965D080
:109290002946F7F7F4F9D4F8D40201273C4D4FF4EE
:1092A000007A4FF0100804EB8000C0F8C062C4F8E8
:1092B000BC62207CF0B3297840230222204600F0D3
:1092C00038FC2878402300F00F0000EB800004EB0E
:1092D0008000878402226978204600F02AFC6978A1
:1092E00008230322204601F00F0101EB810104EB6A
:1092F0008101A1F86471A97801F00F0101EB8101EE
:1093000004EB8101A1F82680A97800F012FCA9786D
:10931000C84601F00F0101EB810104EB81018F844C
:10932000C6F80492D4F8D40204EB8000D0F8C4024A
:10933000006800E01AE006F501768047C6F8108064
:10934000C6F8148032687AB1207CF8B1402369787D
:10935000204600F0FAFB0020BDE8F087D4F8D412D4
:1093600004EB8101C1F8C0920220F5E729780222BE
:109370005346204600F0DDFB2878534600F00F00EE
:1093800000EB800004EB80008784A3E75346DEE710
:109390009000002410B5D0F8D41200EB8101D1F870
:1093A000C01259B1027C084C002AD1F8042207D01F
:1093B0004023617800F0C9FB002010BD032010BDE0
:1093C0004FF40073F5E700009000002439B1D0F8A5
:1093D000D42200EB8200C0F8C412002070470320A2
:1093E0007047D0F8D42200EB8200D0F8C00218B148
:1093F000C0F804120020704703207047D0F8D43220
:1094000000EB8300D0F8C00228B1C0F81022C0F8E9
:10941000081200207047032070472DE9FC410646E2
:10942000D0F8D4020C46002106EB80000D46D0F89F
:10943000C0728DF80010ADF8041037B1217811F02A
:1094400060022CD0202A48D102E00320BDE8FC8134
:10945000E288E2B109060BD5D0F8C4023946836828
:1094600060789847E288072A00D9072239462CE01D
:10947000607887F80002E088402800D34020394611
:10948000C2B2304687F8012200F07FF82AE0D0F817
:10949000C4020022214683686078984722E0607801
:1094A00030B101281ED00A2809D00B2815D110E0B0
:1094B00096F89C02032810D1022201A905E096F833
:1094C0009C02032809D101226946304600F077F852
:1094D00008E096F89C02032804D02146304600F0AC
:1094E00049F803252846B1E710B5D0F8D41200EBAF
:1094F00081020121D2F8C0221AB1D2F8143213B17C
:1095000016E0032010BD0B490123C2F81432D2F833
:109510001032097801F00F0404EB840400EB84049A
:10952000A361D2F81032D2F8082200F0B8FB002173
:10953000084610BD9000002410B5D0F8B8220024D1
:109540005268904700B10324204610BD00207047A8
:109550000020704713460A46002110B500F0F5FAC6
:10956000002010BD13460A46002110B500F097FBFD
:10957000002010BD10B58021044600F071FB20468C
:10958000BDE81040002100F06BBB10B5C0F85821B9
:109590000323C0F89432C0F85C2113460A46002128
:1095A00000F0D3FA002010BD10B50521C0F89412C8
:1095B00000231A46194600F0C8FA002010BD10B565
:1095C00082610223C0F89432C26113460A46002128
:1095D00000F065FB002010BD10B50421C0F8941206
:1095E00000231A46194600F05AFB002010BDF8B5BA
:1095F00004460D460020ADF800004888010A0629FF
:1096000047D006DC01290FD0022912D0032962D1EC
:109610001DE0072946D00F295DD1D4F8B402C269F4
:1096200020E0694690473BE0D4F8B412207C0A68F9
:10963000F7E7207C02260028D4F8B80205D0C16ADA
:10964000684688470146467036E0816AF8E7C0B24E
:10965000062840D2DFE800F003090D111519D4F8EF
:10966000B4024268B2B3207CDBE7D4F8B40282686B
:10967000F8E7D4F8B402C268F4E7D4F8B402026997
:10968000F0E7D4F8B4024269ECE7D4F8B402826996
:10969000E8E7207CF0B9D4F8B802416B6846884707
:1096A000014609E0207CA8B9D4F8B802016B6846ED
:1096B0008847014607204870EA888AB1BDF8000053
:1096C00040B1824200D902462046ADF80020FFF7A3
:1096D00076FFF8BDFFE729462046FFF74BFFF8E786
:1096E0002046FFF779FFF4E778B542880D46017808
:1096F000002604468A4212D9ADF800100AE06946F5
:1097000000F019F84178052904D181780646A9426C
:1097100005D000266188BDF800209142EFD8304680
:1097200078BD002102E0491C401CC9B20278002A21
:10973000F9D1084670470A8803781A440A800178EC
:109740000844704770B5002816460D4620D00446E0
:10975000FFF7E7FF02220146100202EB41018142BE
:1097600004D82046FFF7DDFF4000801C30803378AE
:10977000032102202B700022697006E0431C29544B
:10978000D8B2411C641C2A54C8B221780029F5D1F2
:1097900070BD01004FF0000004D0012901D0022962
:1097A00001D00320704701207047000004A00A4642
:1097B000024910B5FFF7C6FF004810BD5012002443
:1097C00043444320436F6E6669670000122008809F
:1097D000004870472800002404A00A46024910B53A
:1097E000FFF7B0FF004810BD50120024204344434F
:1097F00020496E74657266616365204653000000FF
:1098000004200880004870472400002404A00A4671
:10981000024910B5FFF796FF004810BD5012002412
:1098200053544D6963726F656C656374726F6E69D2
:109830006373000004A00A46024910B5FFF782FFD7
:10984000004810BD5012002453544D333220566945
:10985000727475616C20436F6D706F7274000000DC
:1098600010B51A2008800B480A490830021F096801
:1098700000681468081809D007490822FEF7E8FABA
:109880000549042220461031FEF7E2FA0248801E04
:1098900010BD000000E8F11F4A00002478B1002349
:1098A000C0F8B832C0F8C432C0F8D03209B1C0F83C
:1098B000B4120121027080F89C1200F0CFB803208E
:1098C000704710B5D0F8C802F9F7C5FFBDE81040E1
:1098D000FFF75FBF10B5D0F8C802F9F797FFBDE8F2
:1098E0001040FFF756BF2DE9F041174604464FF0F0
:1098F000000521B194F89C02032842D04CE0D4F832
:10990000941204F11400022935D1D0E902639E4279
:1099100006D9F21A394682602046FFF723FE0FE08F
:10992000B34214D14068984211D3D4F898128842B7
:109930000DD2002220461146FFF714FEC4F89852BB
:1099400000231A461946204600F0FFF813E094F869
:109950009C02032808D1D4F8B802C16821B1C4F828
:10996000D452C168204688478021204600F078F90B
:109970002046FFF719FE94F8A00268B184F8A052BF
:109980000AE0D4F8B802426932B1C4F8D45242694C
:1099900020469047002800D10020BDE8F08170B536
:1099A000134604464FF0000221B194F89C020328AC
:1099B00030D03AE0D4F8941204F5AA70032934D1D7
:1099C000D0E902518D420AD96A1A82600846824261
:1099D00000D3024619462046FFF7BCFD25E094F867
:1099E000AA0210F01F0003D0012802D0022800D0E4
:1099F000002294F89C02032808D1D4F8B802016927
:109A000021B1C4F8D4220169204688472046FFF7D7
:109A1000E3FD0AE0D4F8B802836933B1C4F8D42274
:109A2000826920469047002800D1002070BD0020A8
:109A3000704710B5D0F8B812012280F89C2200249B
:109A400029B103794A68D9B2904700B1032420466E
:109A500010BDD0F8C802F9F72BBF000070B501782F
:109A6000012929D115490925154C02230022C1F8E5
:109A7000E004C0F8C81208460C600D71CB718A7101
:109A80004B728A72CA720A738A73CA730A74FAF7BB
:109A900089FA08B1F7F719FC08484FF40071F9F793
:109AA00064FE064880220021F9F763FE0348012185
:109AB0004FF4BA72F9F75DFE002070BD701E0024ED
:109AC00000000440D0F8C82201F07F000B0600EB34
:109AD000C00002EB800001D5807D704790F85602EF
:109AE000704710B5D0F8D42200EB8202D2F8B82229
:109AF00022B190F89C32032B02D004E0032010BD69
:109B0000126A02B19047002010BD10B5D0F8D422DF
:109B100000EB8202D2F8B82222B190F89C32032BDB
:109B200002D004E0032010BD526A02B19047002029
:109B300010BD10B51C46D0F8C80213462246F9F7EE
:109B4000C0FEBDE81040FFF724BE10B5D0F8C80233
:109B5000F9F7E8FEBDE81040FFF71BBE2DE9F04124
:109B6000044601250020D4F8B812064684F89C5219
:109B7000C4F894026060C4F8A40284F8A00231B171
:109B80004A6822B100212046904700B103262046B2
:109B9000002240231146FFF7CCFF4027A4F8645170
:109BA00000223B4680212046C4F86071FFF7C1FFC8
:109BB000A58430462762BDE8F08190F89C12042904
:109BC00003D190F89D1280F89C120020704710B5C8
:109BD00090F89C12032905D1D0F8B81211B1C969C7
:109BE00001B18847002010BD01740020704710B5F6
:109BF000D0F8C802FAF798FABDE81040FFF7C9BDDF
:109C000070B5044600F2AA20054600F051F894F819
:109C1000AA020123B4F8B01210F01F02C4F8943263
:109C2000C4F898120AD0012A0ED0022A12D000F0ED
:109C300080012046BDE8704000F012B82946204659
:109C4000BDE8704000F0D0B829462046BDE870401D
:109C500000F013BA29462046BDE8704000F05BB919
:109C600010B5D0F8C802F9F777FEBDE81040FFF74D
:109C700090BD10B5D0F8C802FAF770FABDE81040F0
:109C8000FFF787BD90F89C12042903D090F89C122E
:109C900080F89D12042180F89C120020704710B5B6
:109CA000D0F8C802F9F791FEBDE81040FFF771BD8A
:109CB00070B5054608788C1C287048786870204676
:109CC000FEF701FDA41C68802046FEF7FCFCA8807E
:109CD000A01CFEF7F8FCE88070BD38B504460020F3
:109CE000ADF80000A1B1C4F8B812D4F8D40204EB66
:109CF0008000D0F8B802C16A19B168468847C4F834
:109D0000D002D4F8D802401CC4F8D802002038BDD4
:109D1000032038BDD0F8B83202460020002B02D014
:109D20001B681046184770472DE9F0412C4E044639
:109D3000887800258846C1B20129317006D941468C
:109D40002046FFF717FC0320BDE8F08194F89C0241
:109D5000022702280CD003281DD041462046FFF7D9
:109D600009FC31782046FFF7E7FB03252846EBE79F
:109D700089B320466160FFF7CDFF050004D041465E
:109D80002046FFF7F7FB1DE02046FFF725FC0320E8
:109D900084F89C02EAE7C1B1606888421BD0C1B276
:109DA0002046FFF7C9FB317820466160FFF7B2FF1C
:109DB000050010D041462046FFF7DCFB2179204604
:109DC000FFF7BAFB84F89C72D0E7616084F89C725C
:109DD0002046FFF7B1FB2046FFF7FEFBC6E7000079
:109DE0008C000024FFF745BF2DE9F0410A784FF0C1
:109DF000000512F060020CD0202A01D0402A7DD14B
:109E0000D0F8D42200EB8202D2F8B82292689047B0
:109E100031E04B78002201260A2B6FD2DFE803F0F5
:109E200041666E586E08056E2D29FFF7E0FB67E06E
:109E300004468888D8B9C888C8B94888802816D206
:109E400094F89C2200F07F07032A10D03946204660
:109E500084F89E72FFF7CBFE2046FFF7BDFB1FB1D3
:109E6000022084F89C024BE084F89C6248E0204683
:109E700044E0FFF759FF054642E0CB88012B3DD176
:109E800090F89C32012B04D0022B02D0032B35D149
:109E900004E000F108018260012216E00122011DA8
:109EA00013E090F89C22012A03D0022A01D0032A51
:109EB00024D1CA88022A21D1D0F8A412C66009B1DF
:109EC0000321C160022200F10C01FFF778FB17E0CB
:109ED0004A88012A02D0022A03D00FE0C0F8A46207
:109EE00016E08988090A80F8A01211E090F89C32E7
:109EF000012B08D0022B06D0032B04D0FFF73AFB2E
:109F00002846BDE8F08149880129F9D1C0F8A4228A
:109F1000FFF762FBF4E72DE9F0410A780E46097974
:109F2000054612F060004FF00008CCB20BD020289C
:109F300001D040286AD121462846FFF707FBFF28B9
:109F400000D0D8B396E07078C8B3012824D0032895
:109F50005CD195F89C02022802D0032856D10CE06F
:109F6000002C53D0802C51D021462846FFF778FE94
:109F700080212846FFF774FE7CE0708840B93CB130
:109F8000802C05D0F08818B921462846FFF768FED6
:109F90002846FFF721FB6DE095F89C020228DFD0F0
:109FA000032863D1708880BB600603D02146284611
:109FB000FFF787FC2846FFF70FFBBCE700E00AE04D
:109FC000C5F8D402D5F8B8028268F2B13146284605
:109FD000904780464EE095F89C020027022802D068
:109FE000032843D113E00CB1802C3FD1200604F0AC
:109FF0007F0000EB800005EB800101D5143101E00A
:10A0000001F5AA7102220F602CE033E02EE0200659
:10A0100004F00F0000EB800005EB800009D5808C78
:10A0200020B304F07F0000EB800005EB80061436BF
:10A030000AE0B0F86401C8B104F07F0000EB8000D2
:10A0400005EB800606F5AA764CB1802C07D0214698
:10A050002846FFF737FD10B10120306000E037607F
:10A06000022231462846FFF7AAFA03E03146284685
:10A07000FFF780FA4046BDE8F08170B505460878E4
:10A080000E464FF0000410F0600003D0202801D0ED
:10A09000402827D195F89C02012803D0022801D03E
:10A0A00003281FD1B088C1B201291AD8C1B22846ED
:10A0B000FFF74EFAFF280CD058B9D5F8B8128A68C5
:10A0C0003AB1C5F8D40228468A683146904704461A
:10A0D00000E00324F088204307D12846FFF77CFAEC
:10A0E00003E031462846FFF745FA204670BD704729
:10A0F00000487047501C002470B54D7801230A7841
:10A10000012D1C4C02F00F0503FA05F3D0F81C5882
:10A1100017D000EB421245EA0343C0F81C38D2F8CE
:10A12000000B00040BD40B890979D2F8000BC3F3A0
:10A130000A03184344EA81410843C2F8000B002097
:10A1400070BD9EB23543C0F81C5800EB4213D3F8E3
:10A1500000090004F3D40D890979D3F80009C5F387
:10A160000A058904284341EA825108432043C3F881
:10A170000009E4E700800010D0F800196FF30A012D
:10A18000C0F80019D0F8041841F48071C0F8041820
:10A190000020704770B50D460446C2F307211E46E5
:10A1A0000498012922D0E06840F04000E060204699
:10A1B00005F0FCF9C6F307210029A16B2ED021F48C
:10A1C0008031A163C5F3074101290ED1E16D154A24
:10A1D00089B2E165E16D1143E165A16841F00601D5
:10A1E000A160A16841F02001A16070BDA26BC3B263
:10A1F0000D49012B22F48030A063E06800EA0100E1
:10A20000E060E06820F44010E06003D1E06840F4D2
:10A210008010E060204605F0C9F9D3E741F48031B1
:10A22000CFE700000000EE03BFFFBDFF70B50A7866
:10A2300001234C78012C00EB42122CD0D2F8004BB9
:10A24000002C0BDAD2F8004B44F00064C2F8004B4B
:10A25000D2F8004B44F08044C2F8004B0C78D0F8A0
:10A260003C5804F00F0403FA04F425EA0444C0F84F
:10A270003C480978D0F81C4801F00F018B401C497C
:10A2800024EA0343C0F81C38D2F8000B0840C2F897
:10A29000000B002070BDD2F80049002C0BDAD2F878
:10A2A000004944F00064C2F80049D2F8004944F083
:10A2B0008044C2F800490D78D0F83C4805F00F05FD
:10A2C0000C4E03FA05F5ADB2AC43C0F83C48D0F8EB
:10A2D0001C48097801F00F018B4099B28C43C0F8FB
:10A2E0001C48D2F800093040C2F80009D1E700004C
:10A2F0000078F3EF007833ECD0F8001E21F0030172
:10A30000C0F8001ED0F8041821F00201C0F80418AB
:10A3100000207047D0F8001E21F00301C0F8001E95
:10A32000D0F8041841F00201C0F80418002070476A
:10A330002DE9F04F00250F46904604462E4628464C
:10A3400004EB8001C1F80451401C0F28F8D3C3F37B
:10A3500007405FEA0009204610D0806B40F40011EE
:10A36000C4F83810C8F30720C4F8005E012820465E
:10A3700017D0D0F8001841F0030119E0D0F8040814
:10A3800040F00201C4F80418A06B20F40011A1638E
:10A39000206840F040012160206840F08001216089
:10A3A000E0E7D4F80018380E204601D041F0010152
:10A3B000C0F80018102100F08CFA00B101262046E8
:10A3C00000F06BFA00B101264FF67F3A4FF0006CB7
:10A3D000C4F810584FF0904BC4F81458C4F81C58E7
:10A3E0000020FAB214E000BF04EB4011D1F80039AC
:10A3F000002B06DA10B1C1F800B904E0C4F800C9B6
:10A4000001E0C1F80059C1F81059C1F808A9401C71
:10A410008242E9D8002013E004EB4011D1F8003B60
:10A42000002B06DA10B1C1F800BB04E0C4F800CB81
:10A4300001E0C1F8005BC1F8105BC1F808AB401C3B
:10A440008242E9D8D4F81008C7F30742002A6FF017
:10A45000804120F48072C4F81028A561616103D1A5
:10A46000A06940F01000A061A069C8F30741094A43
:10A470001043A06119B1A06940F00800A061B9F1D2
:10A48000010F03D1A06904490843A0613046BDE82B
:10A49000F08F000000383C8004000040816821F00B
:10A4A000010181600020704710B5144C036CA34279
:10A4B00003D9D0F8003B002B1EDB0023C0F8103B73
:10A4C0000129D0F8101B41F40021C0F8101BD0F86E
:10A4D000101B41F01801C0F8101BD0F8101B41F000
:10A4E000C041C0F8101B07D1C0F8142BD0F8001BD6
:10A4F00041F08021C0F8001B002010BD0A30544FED
:10A500000B784A78012A00EB43100BD0D0F8002BCF
:10A5100022F40012C0F8002B0979032914D0022973
:10A5200012D017E0D0F8002922F40012C0F8002958
:10A530000979032901D002290CD1D0F8001941F082
:10A540008051C0F8001905E0D0F8001B41F080519F
:10A55000C0F8001B002070470A784B78D1B2012B5D
:10A5600000EB421012D0D0F8002B002A06DB29B1F4
:10A57000D0F8001B21F08041C0F8001BD0F8001B70
:10A5800041F40011C0F8001B00207047D0F80029EA
:10A59000002A06DB29B1D0F8001921F08041C0F86B
:10A5A0000019D0F8001941F40011C0F80019EBE7C8
:10A5B000F8B50B786FF060464F788C4DDCB2012F08
:10A5C00000EB43132BD0D3F8107B002C07EAC544D3
:10A5D000C3F8104BD3F8104B04EA0504C3F8104B32
:10A5E0007ED00D69002D7CD08C6825446D1EB5FB96
:10A5F000F4F5ADB26C430C6206EAC545D3F8104BD6
:10A600002C43C3F8104BD3F8104B0D6AC5F3120559
:10A6100054EA0504C3F8104B012A73D0CEE00F6949
:10A6200007B3D3F810796FF31207C3F81079D3F892
:10A63000107907EA0507C3F810791CB3D1F810C0E8
:10A640008D68D3F81079AC44ACF1010CBCFBF5F586
:10A65000ADB206EAC5463743C3F810790E79012E2C
:10A660001CD02AE0D3F810692E40C3F81069D3F843
:10A67000105945F40025C3F81059D3F810596FF359
:10A68000120520E00E698D68AE4200D90D61D0F848
:10A69000106946F40026C0F810690EE0D3F810697E
:10A6A0004FF0C04707EA457726F0C046C3F8106967
:10A6B000D3F810593D43C3F810590E69D3F8105917
:10A6C000C6F312063543C3F81059012A1BD000EB1C
:10A6D0004413D3F8004944F00444C3F8004901E0AE
:10A6E00047E05AE00C79012C2ED00A695AB30B7856
:10A6F000D0F83418012203F00F039A401143C0F838
:10A70000341871E056E0CA691AB100EB4413C3F87B
:10A710001429097901290ED1D0F80818C90500EBD0
:10A720004411D1F8002902D442F0005201E042F075
:10A730008052C1F8002900EB4410D0F8001941F014
:10A740000441C0F800194FE0D0F80848E405D3F8F8
:10A75000004902D444F0005401E044F08054C3F8AE
:10A76000004900920B8A0A78C9689BB200F06AFA25
:10A770003AE00C690CB18C680C618C680C62C4F313
:10A780001205D0F8104B2C43C0F8104BD0F8104BEA
:10A7900044F40024C0F8104B3EE78D68D3F8104B0A
:10A7A000C5F312052C43C3F8104BD3F8104B44F4F7
:10A7B00000242FE7CA680AB1C3F8142B09790129CC
:10A7C0000CD1D0F80808C005D3F8000B02D440F033
:10A7D000005001E040F08050C3F8000BD3F8000BAC
:10A7E00040F00440C3F8000B0020F8BDFFFF07E075
:10A7F00038B5002242F21074002300920A784D7896
:10A80000012D00EB421219D0D2F8005B002D3CDA8A
:10A81000D2F8005B45F00065C2F8005B0A7800EBF7
:10A820004212D2F8005B45F08045C2F8005B009A06
:10A83000521C0092A24221D9012326E0D2F80059ED
:10A84000002D22DAD2F8005945F00065C2F800590F
:10A850000A7800EB4212D2F8005945F08045C2F860
:10A860000059009A521C0092A242E5D80A7800EBE7
:10A870004212D2F80029002AF3DB06E00A7800EB46
:10A880004212D2F8002B002AD1DB184638BD81686D
:10A8900041F0010181600020704708B500214FF0B0
:10A8A00070620091009B5B1C009393420AD803697D
:10A8B000002BF7DA0091102303610099491C0091E5
:10A8C000914201D9032008BD0169C906F5D40020D1
:10A8D00008BD18B500224FF070630092009C641C04
:10A8E00000949C420CD80469002CF7DA20240092D2
:10A8F00044EA811101610099491C0091994201D9F2
:10A90000032018BD01698906F5D4002018BDD0F8D0
:10A91000080810F0060004D0022803D0062801D051
:10A920000F20704702207047406900F00100704717
:10A93000D0F81818D0F81C08084080B27047D0F83A
:10A940001818D0F81C080840000C704710B5D0F853
:10A95000102801F00F0300EB4114D0F83418D4F89C
:10A960000809D94001F0010142EAC111084010BDB7
:10A9700000EB4111D1F8081BD0F8140808407047CB
:10A9800041698069084070470346084630B594081D
:10A9900002F00301002203F5805303E01D68521CFE
:10A9A00040F8045BA242F9D300290CD01C680023B4
:10A9B000491EDD00090403F10103090C24FA05F224
:10A9C00000F8012BF4D130BD70B50446C0680129F0
:10A9D0004FF0000520F0C040E06001D079B120E0E8
:10A9E000E06840F00050E0600A20F7F737FE606949
:10A9F0000A3510F0010F10D1C82DF5D30DE0E06835
:10AA000040F08040E0600A20F7F728FE60690A35D0
:10AA100010F0010F01D0C82DF5D3C82D01D00020B2
:10AA200070BD012070BDD0F800284FF4FE6303EA2A
:10AA3000011322F4FE62C0F80028D0F80018194370
:10AA4000C0F8001800207047022A3ED1264A274B42
:10AA50000A449A4201D20F2138E0254A254B0A4484
:10AA60009A4201D20E2131E0234A244B0A449A42F1
:10AA700001D20D212AE0224A224B0A449A4201D2F5
:10AA80000C2123E0204B214A0B44934201D20B219D
:10AA90001CE01F4B1F4A0B44934201D20A2115E0D0
:10AAA0001D4B1E4A0B4493420FD31D4B1D4A0B44B2
:10AAB000934201D2082109E01B4B1C4A19449142E0
:10AAC00001D2072102E0062100E00921C2684FF40B
:10AAD000705322F47052C26003EA8123C1681943A3
:10AAE000C160002070470000405327FF00350C0074
:10AAF000401E1BFF40420F0000DC0BFF804F120086
:10AB0000808CF9FE20D6130060B6E5FE60E31600E7
:10AB100000D3CEFE40771B00C05BB3FEC091210086
:10AB200000CA91FE20753800E05459FEE09C4100B7
:10AB3000024890F8001300EB01207047943C002479
:10AB40000949002210B581F8002381F8012381F81A
:10AB50000223C1F804030548FEF743FCBDE810409A
:10AB60000248FEF717BC0000943C0024740F002438
:10AB700070B5144C060094F8005302D0B6F5807FEF
:10AB800009D9114804EB0521FEF72BFCBDE8704004
:10AB90000D48FEF7FFBB0120A84384F8000304EB37
:10ABA00000210948FEF71DFC0748FEF7F3FBD4F827
:10ABB0000423002A05D0B1B204EB0520BDE87040A3
:10ABC000104770BD943C0024740F002470B50C46EF
:10ABD000E8B1E4B1B4F5807F19D8104991F89C220E
:10ABE000032A14D1D1F8BC1289B1D1F8141271B969
:10ABF00001460B4822460546F5F7A8FC07482246C1
:10AC00002946FEF7FBFB0548FEF76EFC08B1002065
:10AC100070BD0449012081F8010370BD740F002448
:10AC2000943E0024943C0024014981F802037047BB
:10AC3000943C00240249002081F801037047000081
:10AC4000943C002410B5029C74B900EB0232DB1C6A
:10AC500000209B0802F5805204E000BF51F8044B2D
:10AC60001460401C9842F9D3002010BDFEE700009C
:10AC70002DE9F04192B00E4640F20B2180460024AF
:10AC800040F20120012701940294CDE90501CDE9AC
:10AC9000034701A94046F7F76BFD02250994CDE96A
:10ACA0000C5409A94046CDE90A750E94F7F760FDEA
:10ACB000404603F08DFE30B1C0F80080202146638D
:10ACC0003830F5F7DCFC022340461A461946009559
:10ACD000F7F78DFD064900224046F7F7D1FC4046C4
:10ACE000F8F7BEFA404600F0D5FD12B0BDE8F0819D
:10ACF0001100800370B5394B054601683848CA1AFF
:10AD0000994265D015DC374C4FF48063A142A1EB2A
:10AD1000040257D006DC344A891851D099425BD1DD
:10AD2000C46813E09A424FD0B2F5305F54D1C46981
:10AD30000CE0B2F5144F41D0B2F5184F46D0B2F541
:10AD40001C4F47D0B2F5204F46D1846A002C43D027
:10AD500072B62846FCF71DF82B681F22002620201B
:10AD60004FF430611A622A681162C5F88C00C5F888
:10AD70009060D5F8800048B1F6F7DCFAD5F880107D
:10AD8000012081F83500D5F880004665201D4FF47C
:10AD9000167184F85C62F5F772FC62B694F85C0296
:10ADA000B4F85E22C0EB001000EB800004EB8001E1
:10ADB0002846BDE87040091DFBF703BF4468C5E79E
:10ADC0008468C3E70469C1E74469BFE78469BDE7F4
:10ADD000046ABBE7446AB9E770BD0000007C00402C
:10ADE00018020024004C004000BCFFBFF0B589B041
:10ADF000054600201446CDE90203CDE90010049079
:10AE00000590069007900890284603F0E1FD07465C
:10AE10002846F7F71DFE0646224669462846F7F7FC
:10AE200073FC044632460146384603F0B7FD14B1C0
:10AE3000284600F02FFD09B02046F0BD20EE020AA2
:10AE400060EEA20A21EE021A20EE220A00EEA20A09
:10AE500001EE020A30EE210A70470000012202488A
:10AE6000D103F8F76FBB000000080258F0B5514C51
:10AE70000368A34242D1504B0C29504C504D514EC7
:10AE8000514F08D2DFE801F00706080A0C0E7F8256
:10AE900085278F924848F0BD981CF0BD181DF0BD65
:10AEA000981DF0BD1AB1012AFBD14548F0BD4348B9
:10AEB000F0BDA01CF0BD012AFCD1A81CF0BD201DD6
:10AEC000F0BD012AFCD1281DF0BDA01DF0BD012A56
:10AED000FCD1A81DF0BD1AB1012AFBD13A48F0BD42
:10AEE0003848F0BDB01CF0BD012AFCD1B81CF0BD43
:10AEF000301DF0BD012AFCD1381DF0BD334CA342FA
:10AF000022D1334B0C29334C334D344E344FF4D2D1
:10AF1000DFE801F0090A0807060C393C3F13494CE9
:10AF2000BEE7BBE7B8E7E8E72948F0BD1AB1012A58
:10AF3000FBD12948F0BD2748F0BD1AB1012AFBD149
:10AF40002748F0BD2548F0BD264CA342FBD1264B37
:10AF50000C29264C264D274E274FF4D2DFE801F06E
:10AF6000090A0807060C1316191C232698E795E70B
:10AF700092E7E8E71C48F0BD1AB1012AFBD11C4852
:10AF8000F0BD1A48F0BD002A95D192E7002A98D169
:10AF900095E7002A9BD198E71AB1012AF2D1164809
:10AFA000F0BD1448F0BD002A9ED19BE7002AA1D134
:10AFB0009EE7000000A000401D0100242D01002498
:10AFC000250100243D0100243501002400A4004097
:10AFD000550100244D010024450100246501002491
:10AFE0005D01002400D400407D010024750100248F
:10AFF0006D0100248D0100248501002470EE601A8B
:10B0000031EE601A091A00EE900A81EE810A01EE13
:10B01000101AF8EEE00AB8EEC11A40EE010ABDEED1
:10B02000E00A10EE100A7047401A511A70EEC01A6A
:10B0300001EE100A00EE901AB8EEC11AB8EEE02A3E
:10B04000C1EE020A00EEA10A704700000346044860
:10B050000068002803D00A46194605F013BB704764
:10B060006402002410B5064C012251032046F8F773
:10B0700069FA01222046BDE810409103F8F762BA50
:10B0800000080258DFED050A054820EE200A016895
:10B09000BCEEC00A10EE100A8863704700409C4462
:10B0A000880600242DE9F047DFF8E4831E460423D8
:10B0B000174608224FF000090D460446A8F8003054
:10B0C000A8F8022001734773867380F81090304609
:10B0D000F5F796F931466061F5F7AFFAB8F8000078
:10B0E0007043F5F78DF9A061B8F800107143F5F7DA
:10B0F000C6FAB8F800007043F5F782F9E061B8F8D5
:10B1000000107143F5F7BBFAB8F800006843F5F793
:10B1100077F92062B8F800106943F5F7B0FA3046C5
:10B12000F5F76EF931466062F5F787FAB8F8000076
:10B130006843F5F765F92060B8F800106943F5F742
:10B140009EFAB8F800007043F5F75AF96060B8F855
:10B1500000107143F5F793FAB8F800007843F5F75B
:10B160004FF9A060B8F800107943F5F788FAB8F8FD
:10B1700000006843F5F744F9C4F8E800B8F8001097
:10B180006943F5F77CFA217B0122D4F8E83004F119
:10B190003000F5F788FCB8F800006843F5F730F99F
:10B1A000C4F8EC00B8F800106943F5F768FA217BA1
:10B1B0000122D4F8EC3004F13800F5F774FC9FB1AB
:10B1C000B8F800007843F5F71BF9C4F8F000B8F8B8
:10B1D00000107943F5F753FA617B0122D4F8F0307F
:10B1E00004F14000F5F75FFCB8F800007043F5F794
:10B1F00007F9C4F8F400B8F800107143F5F73FFA06
:10B20000A17B0122D4F8F43004F14800F5F74BFC9F
:10B21000B8F8000068436843F5F7F2F8C4F8F8009E
:10B22000B8F8001069436943F5F729FA217B04F166
:10B230005000D4F8F8300A46F5F735FCB8F80000AD
:10B2400068436843F5F7DCF8C4F8FC00B8F8001070
:10B2500069436943F5F713FA217B04F15800D4F8E8
:10B26000FC300A46F5F71FFCB8F800006843684355
:10B27000F5F7C6F8C4F800018834B8F80000684350
:10B280006843F5F7BDF8E067B8F80010A06F6943B0
:10B290006943F5F7F4F9B8F80010E06F69436943C2
:10B2A000F5F7EDF914F87C1CA4F12800A36F883C95
:10B2B0000A46F5F7F8FB217B04F16800D4F8043165
:10B2C0000A46F5F7F0FBAFB1B8F8000068437843E1
:10B2D000F5F796F8C4F80801B8F800106943794307
:10B2E000F5F7CDF9627B04F17000217BD4F80831C9
:10B2F000F5F7D9FBB8F80000474670436843F5F707
:10B300007FF8C4F80C019434388868437043F5F72B
:10B3100077F8E0673988A06F71436943F5F7AFF9B3
:10B320003988E06F69437143F5F7A9F9A4F11C006E
:10B3300014F8882C14F8861CA36F943CF5F7B3FB23
:10B34000A27B04F18000217BD4F81031F5F7ABFB30
:10B35000388868436843F5F753F8C4F8140139880E
:10B3600069436943F5F78BF99FED4A0AD4F8140154
:10B3700080ED000A217B04F18800D4F814310A46DC
:10B38000F5F791FB388870437043F5F739F8C4F846
:10B390001801398871437143F5F771F9A17B04F104
:10B3A0009000D4F818310A46F5F77DFB38886843D9
:10B3B0007043F5F725F8C4F81C01398869437143D7
:10B3C000F5F75DF9A27B04F19800217BD4F81C31DC
:10B3D000F5F769FB207B398810FB00F04843F5F74F
:10B3E0000FF8C4F82001207B398810FB00F0484397
:10B3F000F5F706F8C4F82401207B398810FB00F02B
:10B400004843F4F7FDFFC4F82801207B39884843FE
:10B41000F4F7F6FFC4F82C013988207B4843F4F791
:10B42000EFFFC4F8300104F1A000217BD4F82031F3
:10B430000A46F5F738FB217B04F1A800D4F8243143
:10B440000A46F5F730FB217B04F1B000D4F828312F
:10B450000A46F5F728FB217B0122D4F82C3104F1B0
:10B46000B800F5F720FB217B0122D4F8303104F13C
:10B47000C000F5F718FB84F8289084F8299084F828
:10B480002A9084F82B9084F82C90BDE8F087000077
:10B490003C030024000000002DE9F047044690F82A
:10B4A0002A0000285BD104F1800104F1780089466C
:10B4B0000546F5F75BFDB4F87810B4F85A2084F827
:10B4C000C8002846A4F8A81004F15801A4F8AA203E
:10B4D00004F1A80290460F46F5F750FCB4F8A820F6
:10B4E000B4F8821084F8C8004046A4F8B02004F1F3
:10B4F000B0021546A4F8B2104946F5F73FFCB4F87F
:10B500009010B4F8922084F8C8002846A4F8A0103F
:10B5100004F19001A4F8A22004F1A0021646F5F768
:10B5200063FA84F8C800AA3429463046F5F7C0FA11
:10B5300034F8521C34F8282CA077384624F8021C22
:10B54000494622804246F5F719FCA4F11202A07781
:10B55000AA3C29464046F5F711FC84F8C800BDE82E
:10B56000F0870000F0B59DB04C216846F5F787F8EC
:10B57000202113A8F5F783F80220F8F729FE1F48C9
:10B58000016821F4404101600168002401F4404158
:10B590001B9101688904FCD501204FF00C0C0DF1C2
:10B5A000340E02040221099144230C93CDE90002D8
:10B5B0000B26042703258EE8C110EA026846CDE970
:10B5C0000A15CDE91142F9F75DFE08B172B6FEE742
:10B5D0004020159408221A900301CDE916203F213E
:10B5E000CDE91803CDE91315032113A8F9F73AFCA7
:10B5F000002801D072B6FEE71DB0F0BD1848025811
:10B6000002784168AA2A10D14278FF2A0DD18278A7
:10B61000002A0AD1C2780C48103A062A05D2DFE87F
:10B6200002F0030507090B0F016270474162704782
:10B6300081627047016370470448C0F8001A704780
:10B640000248C0F804167047444B002410420024FE
:10B650007047000070B5044600F070F8D4F8CC10C4
:10B6600009B120468847204600F00FFAD4F8D010E0
:10B6700009B120468847204600F0D1F9D4F8D4100B
:10B6800009B120468847207C2B4DC0B9E07BB0B182
:10B69000227B28884243D4E93A01F4F79CFF207BBF
:10B6A0002B8810FB00F2D4E93E015A43F4F793FFD4
:10B6B000D4F8E01009B12046884700202AE020464F
:10B6C000FFF7EAFED4F8D81009B120468847204693
:10B6D00000F063F9D4F8DC1009B120468847204611
:10B6E00000F09AF8E4E700BF10FB0101D4F8F8304D
:10B6F000226A03EB810102EB8002D1ED000A92ED98
:10B70000000AF4EEC00AF1EE10FA01D281ED000A4F
:10B71000401CC0B2217B8142E6D82888CAB2D4F846
:10B72000E81042432068F4F756FFD4F8E41009B15A
:10B7300020468847206870BD3C03002470B5104D3A
:10B740000446C07B18B1204603F0A8FE0DE0A27BA2
:10B75000288861684243D4F8F400F4F73CFFA17BE9
:10B76000288841436068F4F78AFF627B2888A168D3
:10B770004243D4F8F000BDE87040F4F72CBF00005D
:10B780003C030024028800F12801C2F30A00A0F55E
:10B79000007001380AD001280AD002280BD00328F3
:10B7A00003D106490878401C08707047044800E03F
:10B7B000044802F04FBC044802F068BB9E0300241A
:10B7C0004C4C0024E84A0024A0490024028800F1DF
:10B7D0002801C2F30A00062804D0072804D1034830
:10B7E00002F03EBD0248FBE770470000A44700247A
:10B7F0003C4600240188074AC1F30A01B1F5807F65
:10B8000003D0A1F58071013903D10146104602F041
:10B81000C4B97047505100242DE9F041044690F816
:10B820002C0000282BD1B4F87A20B4F85A10B4F8C0
:10B830009800A4F8A800A4F8AA2004F1A802A4F88B
:10B84000B00004F198001746A4F8B21004F1780192
:10B85000F5F794FA04F1B00284F8C80004F1580135
:10B8600016460D463846F5F789FA04F1500231467E
:10B8700084F8C8002846F5F719FB84F8C800BDE82D
:10B88000F081028852BA19B143780B700078487081
:10B890001046704730B58BB0054603F099F80400A8
:10B8A00032D02C216846F4F7EAFE69462846F6F7BE
:10B8B000E4FF08BB009800F007006065019901F003
:10B8C000070140EAC1006065029901F0030140EA06
:10B8D00081106065039901F0010140EA0120606573
:10B8E000049901F0010140EA41206065059901F0E9
:10B8F000010140EA812060652846F6F7BBFF20651C
:10B900002846F7F7A5F8E0640BB030BD104B0121D5
:10B910000E48002210B5197043785B1CDBB24370EF
:10B92000642B438803F101034380838803F10103FF
:10B930009BB2838002D1074C21704270B3F57A7FAD
:10B9400002D1054B1970828010BD00009E030024B7
:10B950009403002495030024960300242DE9F0416C
:10B960001D4616460F468046F7F772F8040007D0CA
:10B970002B46324639464046BDE8F041FFF736BA1D
:10B98000404603F025F80121224603F007F840461F
:10B99000FFF780FF0120BDE8F0812DE9F04104466A
:10B9A00090F82B00002838D1B4F8780004F1B802E0
:10B9B00004F13801A4F8B8000125904604F178009C
:10B9C0000F46A4F8BA50F5F7D9F9B4F8481004F1C5
:10B9D000C00284F8C80004F14800A4F8C01016465C
:10B9E0004146A4F8C250F5F761FAB4F898104246FF
:10B9F00084F8C80004F19800A4F8B8103146A4F8FF
:10BA0000BA50F5F7BBF904F13002414684F8C8009A
:10BA10003846F4F7E9FF84F8C800BDE8F0812DE965
:10BA2000F041044690F8290000282CD104F1680167
:10BA300004F160000F460546F5F798FA04F1580244
:10BA400084F8C80004F1500116462846F5F796F927
:10BA5000B4F85810B4F86A2084F8C8003046A4F846
:10BA6000A8103946A4F8AA2004F1A8021546F5F753
:10BA700085F904F18801324684F8C8002846F4F7B5
:10BA8000B3FF84F8C800BDE8F0812DE9F041044619
:10BA900090F8280000282AD1627B04F1300104F1DB
:10BAA000600004F1380522B3227B0126A4F8B820F7
:10BAB00004F1B8021746A4F8BA60F5F75FF9217BE4
:10BAC00004F1C00284F8C80004F17000A4F8C010AA
:10BAD00004F14001A4F8C2601646F5F74FF904F8E6
:10BAE000C80F2A4631463846F4F77EFF2070BDE87D
:10BAF000F0812A46F5F742F984F8C800F7E700001C
:10BB00000823024A02489901FFF728BF1D010024BB
:10BB1000A403002410B509482DED028BB0EE408A35
:10BB2000FAF748FC05480421FAF7F0FEB0EE480A9F
:10BB3000BDEC028BBDE81040FFF7A4BA88060024D4
:10BB40000F4B02689A4201D10E4A04E00E4B9A4212
:10BB500004D10C4A1032D160106070470B4B9A42EE
:10BB600002D1084A2032F6E7094B9A4202D1054A2F
:10BB70003032F0E7074B9A42EFD1024A4032EAE70F
:10BB8000003001405C24002400380040003C0040AC
:10BB90000034014000140058304B02689A4201D131
:10BBA0002F4A0AE0B2F1804F05D02E4B9A4207D1BE
:10BBB0002B4A103201E02A4A0832C2E900017047DC
:10BBC000294B9A4202D1264A1832F6E7274B9A426D
:10BBD00002D1234A2032F0E7254B9A4202D1204A73
:10BBE0002832EAE7234B9A4202D11D4A3032E4E779
:10BBF000214B9A4202D11A4A3832DEE71F4B9A4251
:10BC000002D1174A4032D8E71D4B9A4202D1144A5A
:10BC10004832D2E71B4B9A4202D1114A5032CCE74C
:10BC2000194B9A4202D10E4A5832C6E7174B9A4234
:10BC300002D10B4A6032C0E7154B9A4202D1084A42
:10BC40006832BAE7134B9A4202D1054A7032B4E720
:10BC5000114B9A42B3D1024A7832AEE7000001405C
:10BC6000980100240004004000080040000C00403F
:10BC70000010004000140040000401400018004083
:10BC8000001C0040002000400040014000440140F2
:10BC90000048014000E0004000E400402DE9F04190
:10BCA000050003D02E4803780A2B02D30020BDE8FC
:10BCB000F08103EB03142B4F4FF4967604EBC4048E
:10BCC000B24207EB84042560C4F8601200D9324602
:10BCD000A4F85E22002184F85C12234A29688E1A97
:10BCE00091422ED014DC214E4FF48067B142A1EB7B
:10BCF00006021ED006DC1E4A891818D0B94225D18A
:10BD0000C46023E0BA4216D0B2F5305F1ED116E00F
:10BD1000B6F5144F09D0B6F5184F0ED0B6F51C4F36
:10BD200011D0B6F5204F11D10FE044600EE08460D1
:10BD30000CE004610AE0446108E0846106E0C4614B
:10BD400004E0046202E0446200E084625B1C037071
:10BD5000211DB4F85E222846FAF733FF2046A6E7F5
:10BD600018020024AC240024007C0040004C004059
:10BD700000BCFFBF70B5054600F026F82A7C0646D9
:10BD80000C46A2B1D5E90202301A64EB020105F0BB
:10BD90008CFA00EE100A0A48D0ED000AF8EE600AAC
:10BDA00080EE201A85ED001AC5E9026470BD9FED92
:10BDB000050A0120287485ED000AC5E9026170BDFD
:10BDC0008400002400000000F0B50E484FF0E02190
:10BDD00003688C6902689342FAD148690022401CCA
:10BDE00042F10001041BA3FB006761EB020502FBAB
:10BDF0000070641E03FB010145F1FF3530196941F4
:10BE0000F0BD000080000024002101749FED030AB2
:10BE100080ED000AC0E90211704700000000000038
:10BE20002DE9F04104462DED048B90F8F403002831
:10BE30007ED09FEDA08A217804F2945804F22C471A
:10BE4000012904F5406604F5806502D0022934D04A
:10BE5000CEE09948B0EE481AB1EE004AF9EE004A39
:10BE6000DFED963A9FED965A95ED010AD5ED000A61
:10BE7000D4EDFF1AF0EEC02A12EE901AB0EEE03ABE
:10BE800013EE102A814261EE852A70FE011A824269
:10BE900030FE810A61EEA40A20EE040A94EDFE2A27
:10BEA00085EDC20AC5EDC30A95EDC00A02EE630A2C
:10BEB00085EDC00AC5EDC12A9AE094F81B04F7EE9F
:10BEC000008A012805D195EDC20A30EE280A85EDD9
:10BED000C20A94F81C04012805D195EDC20A30EE7F
:10BEE000680A85EDC20A94F81D04012805D195ED74
:10BEF000C30A30EE280A85EDC30A94F81E0401280F
:10BF000005D195EDC30A30EE680A85EDC30AF1EE5E
:10BF1000000AB9EE000A04F5E16005F065F9F1EEFA
:10BF2000000AB9EE000A04F20C7005F05DF900E0B9
:10BF3000A7E094F81B0430B994F81C0418B9B0EECB
:10BF4000480A85EDC20A94F81D0430B994F81E041D
:10BF500018B9B0EE480A85EDC30A94F8C00FE0B3F3
:10BF6000384602F0B9FAD6ED440A404630EE209A3F
:10BF700002F0B2FAD6ED470A9FED521A85EDC09A4B
:10BF800000EE810A85EDC10AD6ED450A96EDED1A5F
:10BF900096ED480AF0EEE01AF4EEC11AF1EE10FA4E
:10BFA00001D2F0EE480A96EDEE1AF0EEC01AF4EE69
:10BFB000C11AF1EE10FA01D2B0EE480AD6EDEB1A32
:10BFC00096EDEC1AD6EDE92A38EEE13A96EDEA2A3A
:10BFD00078EEC13A63EE222A00E015E023EE822AD1
:10BFE00041EEA02A01EE002AC6EDE92A86EDEA2AF2
:10BFF00096EDDB0AD6EDE00A94F8880F60EE208A11
:10C0000001281ED018B326E0B4F91004D5EDC10AFA
:10C0100000EE100A9FED2C1AB8EEC00A40EE410A5D
:10C020009FED2A1AC5EDC10AB4F90E04D5EDC00A78
:10C0300000EE100AB8EEC00A40EE410AC5EDC00A93
:10C04000D6E794F8890F30B99FED210A05E094F8FE
:10C05000890F012819D0B0EE480A85EDC40ADFED3A
:10C060001D0A9FED1D0A04F2047005F0BDF8C7ED2E
:10C07000588AB0EE480A87ED590A88ED590A88EDCA
:10C08000588ABDEC048BBDE8F081B0EE480A84ED1F
:10C09000AE0A97ED0D0ADFED110A05F0B9F884ED4F
:10C0A000AF0A04F51B7004F087FB94EDA20AB1EE11
:10C0B000400AD2E7000000000AD7233C0AD7A33B7E
:10C0C000AE47E1BECDCC8C3F9A99993ECDCCCC3ECB
:10C0D000E4CB16416666E63E6666E6BEDB0FC94007
:10C0E00010B5044600F54B6004F0BAFA01280DD1F2
:10C0F00094F81404022803D094F81904022805D1F6
:10C1000094F8C00F40B1002084F8C00F94F8F413E5
:10C110000020012902D008E00120F5E794F80C2462
:10C120000121012A07D0022A0BD0207084F8880F41
:10C1300084F8890F2AE094F816242170022A0CD082
:10C1400015E094F81F3402222270022B05D00EE075
:10C1500084F8881F84F8890F05E094F8882F002A56
:10C16000F6D0012A03D184F8880F84F8891F94F847
:10C170001504032803D094F82604032806D194F864
:10C18000C10F58B15FF0000084F8C10F94F8C10FDF
:10C19000002802D0002084F8BC0B10BD0120F3E77A
:10C1A000F0B5044664302DED028B81B002F0A2F8A8
:10C1B00004F57460074601F07FFC010004F5E560BA
:10C1C00004F5406604F628350AD096EDD70A85EDC9
:10C1D000230A96EDD80A85ED240A96EDD90A27E0C0
:10C1E00094F88B1F11B101290DD01FE0D4F88C1FDA
:10C1F000614A02EB8101283211ED010A85ED230A23
:10C20000D4F88C1F0CE05C4AD4F88C1F503202EB3F
:10C210008101283211ED010A85ED230AD4F88C1F23
:10C2200002EB810111ED010A85ED240A94ED990AD2
:10C2300085ED220A94F8F41321B1217811B194F814
:10C24000C11F09B1002193E094F82014C9B103295A
:10C2500017D0012901D002290FD104F5006090ED1B
:10C26000F00AB4F912049FED451A00EE900AF8EEB8
:10C27000E00A00EE810A85ED260A01B0BDEC028BD2
:10C28000F0BD94F8C01FF2EE048AB2EE0E8A31B10E
:10C2900094F80F1D02294DD0012938D067E094F899
:10C2A0001724022A0ED00021012A00D0002294F87F
:10C2B0005540032C08D00023042C07D00024194338
:10C2C00053D105E00121EFE70123F5E70124F6E76B
:10C2D00022434CD0032180F89414384601F0ECFB43
:10C2E00090B196EDD70AC0EE280ACDED000AF3EE24
:10C2F000020A00BFB1EE040A684604F075FF9DED26
:10C30000000A85ED270AB8E785ED278AB5E794F896
:10C310001724022A1FD00021012A1ED05FF000033B
:10C3200094F85540032C1AD00022042C19D0002474
:10C33000234318D0032180F89414384601F0BCFB45
:10C340000028E1D096EDD70AC0EE280ACDED000A0C
:10C35000F3EE040ACEE70121DEE70123E0E7012244
:10C36000E3E70124E4E7114301D0022100E00121C9
:10C3700080F8941481E70000F0150108000048439C
:10C3800070B500F580640546DFED160A2DED028BD1
:10C39000D4ED188AB0EE680A04F03AFFB0EE680AED
:10C3A000F4F73EFEF0EE400AB0EE680AB0EE608AA6
:10C3B000F4F7D2FA04F5427405F5406594EC031ADB
:10C3C00061EE000A21EE081A41EEC80A01EE801A59
:10C3D000C5EDD00A85EDD11A85EDD22ABDEC028BD0
:10C3E00070BD0000DB0FC94070B50B4C0646002540
:10C3F000207830B12570304600F0A4F8304600F0C7
:10C4000077F8607818B16570304600F01FF9A078B1
:10C41000002800D0A57070BD9403002410B5314CE5
:10C420000146606800285BD00278022A58D11D229C
:10C4300000F60D50F4F78AF86068017802294FD1B0
:10C4400000F5406090ED470A04F0E2FA002847D07A
:10C45000606800F5406090ED440A04F0D9FA0028C5
:10C460003ED0606800F5406090ED450A04F0D0FAD7
:10C47000002835D0606800F5406090ED480A04F06F
:10C48000C7FA00282CD06468DFED170A04F5406471
:10C4900094ED470A04F084FDF0EE400A9FED130A84
:10C4A00004F05AFD84ED470A94ED450AF0EE080ABF
:10C4B00004F076FDF0EE400AB8EE080A04F04CFDF8
:10C4C00084ED450A94ED480AF0EE080A04F068FD90
:10C4D000F0EE400AB8EE080A04F03EFD84ED480A8A
:10C4E00010BD0000940300246666E63E6666E6BE64
:10C4F00010B50446001D01F019FC04F1640001F0C0
:10C50000F9FE04F5727000F0DBFC2046FFF7E8FD51
:10C5100004F5E56000F081FD04F22C4000F00EFB14
:10C52000207840B12046FFF77BFC2046FFF728FF2C
:10C530002046FFF735FE04F57460BDE8104001F0B9
:10C540003EBB000030B5044600F6C8308BB005464F
:10C5500001F086F804F69840FFF70CFC04F5406003
:10C5600090ED260A284685ED0C0A01F077F8FFF7D2
:10C57000C7FA04F6D800032190ED3F0AB7EEC01ABF
:10C5800090ED4A0AD83890ED8E2AB7EEC00A04F62C
:10C590003850B7EEC22A53EC102B8DEC041B01F07F
:10C5A0002FFB2648C178491CC9B2C1700A2943D360
:10C5B0000025C570224890F8020300283CD021488D
:10C5C00090F89C02032837D153208DF8000004F521
:10C5D000426050228DF8012001218DF8021001687F
:10C5E000CDF803104168CDF807108168CDF80B1025
:10C5F000C068CDF80F0004F22C4001F06DFF10EE82
:10C60000100ACDF8130004F29450CDF8175001F041
:10C6100063FF10EE100A0C49CDF81B00CDF81F5037
:10C62000CDF823106946BDF82700401CADF827005F
:10C6300004F54B6004F084F80BB030BD9403002483
:10C64000943C0024740F00240000B84110B5044647
:10C6500000F5727000F016FC04F5746001F0A2FAA7
:10C6600004F22C4000F054FA04F5E56000F0C6FC3A
:10C6700004F54B60BDE8104004F034B870B50022FA
:10C68000044604212DED068B8065001D04F07DF825
:10C690000022C4F8B840022104F1640004F075F8E7
:10C6A00000219FED588AF0EE485AB0EE485AF0EE5D
:10C6B000484AB0EE484ADFED548AF0EE683ADFEDC2
:10C6C000532AB0EE482AF0EE481AB0EE623AB0EEC5
:10C6D000481AF0EE480AB1EE080A04F51B7004F09F
:10C6E0005DF90021F0EE485A9FED49AAF0EE484A64
:10C6F000B0EE484AB0EE4A5AF0EE483A9FED459AFD
:10C70000B0EE493ADFED449AF0EE481AB0EE481A1E
:10C71000F0EE692AB0EE692AF7EE080AB0EE490A8F
:10C7200004F5317004F03AF90021F0EE485AB0EE09
:10C730004A5AF0EE484AB0EE484AF0EE483AB0EEB7
:10C74000493AF0EE692AB0EE692AF0EE481AB0EEE6
:10C75000481AF7EE080A9FED310A04F5477004F015
:10C760001DF99FED2F8A0021F0EE680AB0EE480A0D
:10C7700004F55D7000F056F90021F0EE680AB0EEA5
:10C78000480A04F5647000F04DF99FED260A002177
:10C7900004F56B70F0EE400A00F044F9224823499A
:10C7A000446004F54B6003F0B9FF214904F5727051
:10C7B00000F014FC1F4904F6385001F01BFA04F293
:10C7C0002C4004F60D51064600F0CCF904F5E56066
:10C7D00000F03CFC04F6C8301749054601F06AF841
:10C7E0002946304602F01AF804F29450294602F025
:10C7F00015F8BDEC068B04F57460BDE870400F4978
:10C8000001F0F6B9000000000AD7A33BDB0F494155
:10C8100000003442CDCCCC3D0000F042CDCC4C3DAC
:10C820006F12833B2EE34D3B940300241DC400088C
:10C83000FC07002468070024B4050024E404002455
:10C840002DE9F041012500242DED028B64230570B4
:10C8500000F1640180F85540C365036680F8B54077
:10C860009FED670A8B6580ED300AC0F85442C0F82E
:10C8700058429FED648AC0F85C4280ED988A80ED52
:10C88000998AC0F8684200F51B7004F095F858309A
:10C8900004F092F8583004F08FF8583000F0C8F8DF
:10C8A0001C3000F0C5F81C3000F0C2F8A0F56B7722
:10C8B0009FED550ADFED550AC46100F11C0680EDBD
:10C8C000080AC0ED090A524915222830F3F783FE01
:10C8D0004F493422746206F13000B462183186F890
:10C8E0002C40F3F778FE07F22C4001F09BFF00F597
:10C8F000B47001F097FF9FED470ADFED470AC0F8DB
:10C90000684180ED5B8A80ED5C8A80ED5D8A80ED18
:10C910005E8A80ED5F8A80ED600AC0ED610A80ED7D
:10C92000628A80ED638A80F8904100F5CA7000F059
:10C9300033FD00F59461CC860C8780F8DA4481EDF4
:10C940000F8A81ED108A81ED118AA0F8E84400F584
:10C95000AE6081ED138A81ED148A81ED158AFFF7AF
:10C9600053FA80F8924000F52A7180F89840A0F1BF
:10C970009803A0F89A4080F89C4080F89D4080F889
:10C98000D8424C63F7EE001A8C631421C0EDBA1A3A
:10C99000A0F8EC123722A0F8EE2280F8F04280F8DE
:10C9A000F15280F8F25280F8F352C0F8F45280F855
:10C9B000F8429FED1A0A80EDBF8A80EDC08A80EDB3
:10C9C000C10A80EDC20A9FED161A80EDC38A80ED80
:10C9D000C48A80EDC51AF6EE000A83EDEC1AC3EDA9
:10C9E000ED0A83EDEE0AC3EDEF0A80F8284380F8E4
:10C9F0002953A0F69840BDEC028BBDE8F081000001
:10CA00000050C3470000000000008044000025449F
:10CA1000901901086666E6BE6666E63E9A99993EFA
:10CA2000CDCC4C3E80ED040AC0ED050A0171704783
:10CA30009FED080A0021017180ED000A80ED020AD5
:10CA400080ED030A80ED040A80ED050A80ED060AF8
:10CA500070470000000000000300104610B50BD026
:10CA6000064A07E013F8014B4440E4B232F81440A0
:10CA700084EA1020491EF5D210BD0000901701086D
:10CA800030B505000C460AD0022C08D9A11EFFF7CC
:10CA9000E3FF2919020A01F8020C01F8012C30BD4C
:10CAA00030B505000C4611D0022C0FD9A11EFFF79E
:10CAB000D3FF2919C2B211F8023C9A4206D111F8EB
:10CAC000011CB1EB102F01D1012030BD002030BD81
:10CAD00010B590EDB50A044680ED550A90EDB60A02
:10CAE00080EDAF0A01F07EFD04F5B470BDE81040A2
:10CAF00001F078BD10B5044601F0EEFC84EDBC0AEF
:10CB000004F5B47001F0E8FC84EDBD0A10BD00002E
:10CB100010B5044601F064FD04F5B47001F060FD49
:10CB200094F8940138B194F82C0020B15FF0010022
:10CB300084F8F80210BD0020FAE7000010B50446A2
:10CB4000FFF7D8FF2046FFF7C3FF05480178491CCF
:10CB5000C9B20170022901D30021017010BD00008B
:10CB60009C03002470B50126044600252DED048B9E
:10CB700082B0DFED568AC0F8D01203235449062252
:10CB8000F0EE681AB2EE041AF3EE0E0AB2EE090ADB
:10CB9000CDE9006501F06EFD00219FED4E8AF0EEBB
:10CBA000485AB0EE485AF0EE484AB0EE484A9FED77
:10CBB0004A9AF0EE493A9FED493AF0EE482ADFED05
:10CBC000489AF0EE481AB0EE692A9FED461AF0EE48
:10CBD000480AB2EE090A04F1780003F0DFFE0021F2
:10CBE000F0EE485AB0EE485AF0EE484AB0EE484AE5
:10CBF000F0EE493AB2EE043AF7EE002AB0EE692AB6
:10CC0000F0EE481AB0EE481AF0EE000AB0EE000A54
:10CC100004F1D00003F0C2FEB0EE000A84ED1C0A5D
:10CC20002B49042307220095F0EE681AB2EE041A8D
:10CC3000F3EE0E0AB2EE090A04F5B470019501F0A4
:10CC400019FD0021F0EE485AB0EE485AF0EE484A7D
:10CC5000B0EE484AF0EE493AB1EE043AF0EE482A16
:10CC6000B0EE482AF0EE481A9FED1F1AF0EE480A7F
:10CC7000B2EE080A04F5F07003F090FE0021F0EE29
:10CC8000485AB0EE485AF0EE484AB0EE484AF0EE44
:10CC9000493AB2EE043AF7EE082AB0EE482AF0EE2E
:10CCA000481AB0EE481AF0EE000AB7EE080A04F58A
:10CCB0000E7003F073FE9FED0D0A84ED760A84F882
:10CCC000F86202B0BDEC048B70BD0000DA2D244187
:10CCD00044040024000000006F12833ADB0F494136
:10CCE000CDCC4C3E0AD7A33B6F12033B6666E63FB2
:10CCF00000290CD033B1012B09D15AB1012A06D138
:10CD0000012003E022B1012A01D1022008707047FE
:10CD10000020FBE70320F9E70029034610B57AD08D
:10CD2000152A78D348880C46D3ED010A93ED020A00
:10CD3000C0F30A0001EE100AB8EE411A31EE601A93
:10CD4000C1EE001AC3ED0C1AB1F80300C0F3CA001B
:10CD500001EE100AB8EE411A31EE601AC1EE001A67
:10CD6000C3ED0D1AD4F80300C0F38A3001EE100AA7
:10CD7000B8EE411A31EE601AC1EE001AC3ED0E1A78
:10CD8000E088C0F34A0001EE100AB8EE411A31EE15
:10CD9000601AC1EE001AC3ED0F1A2089C0F34A00D1
:10CDA00001EE100AB8EE411A71EE600A80EE801AA8
:10CDB00083ED101AE079C0F30111184600F02EF847
:10CDC00003F8440FB4F90A009FED130A00EE900A2D
:10CDD000F8EEE00A60EE800AFDEEE00A10EE900A3E
:10CDE0005880B4F90C0000EE900AF8EEE00A60EE0C
:10CDF000800AFDEEE00A10EE900A9880B4F90E0069
:10CE000000EE900AF8EEE00A20EE800ABDEEC00ABD
:10CE100010EE100AD88010BD0000003819B10129A9
:10CE200003D0022903D00020704701207047022060
:10CE3000704770B515460E46044600F00DF8002800
:10CE400009D0606A2A463146401C60622046BDE82F
:10CE50007040FFF761BF70BD080010B507D0152AFC
:10CE600005D30178A92902D14178532901D00020A6
:10CE700010BD15214FF6FF72FFF712FE0028F7D004
:10CE8000012010BD10B50446D4E9090188420FD134
:10CE90000A48002284F82C200178491CC9B201708C
:10CEA000052908D9027020680068FDF723FF02E019
:10CEB000012084F82C00606AA06210BD8C0300245D
:10CEC00070B5044600680121042290F85C32994351
:10CED000C1EB011101EB810102EB81014518E17CFD
:10CEE000E879C1F3801304F14C01C0F380122046AD
:10CEF000FFF7FEFEE17CE879CB09C209204604F188
:10CF00004D01FFF7F5FE217D287A01F0010300F0C5
:10CF10000102204604F14E01FFF7EAFE687A617DC6
:10CF2000C0F300122046C1F3001304F14F01FFF7D4
:10CF3000DFFE207F800701D0012300E00023287C52
:10CF4000800701D0012200E00022204604F15001B8
:10CF5000FFF7CEFE207F10F00C0F01D0012300E080
:10CF60000023287C10F00C0F01D0012200E00022E9
:10CF7000204604F15101FFF7BBFE207F10F0300F77
:10CF800001D0012300E00023287C10F0300F01D0F5
:10CF9000012200E00022204604F15201FFF7A8FE22
:10CFA0005FF00006B4F81D20B5F81100A119F24099
:10CFB000F04002F0010300F0010220465331FFF778
:10CFC00097FE761CF6B2102EECD304F10C00294625
:10CFD000BDE870401522F3F7B9BA000010B5044659
:10CFE00004480B460449152244601846FEF756FED5
:10CFF000206010BD8C0300249DE8000810B5044695
:10D00000683000F04BFF04F5D87001F02BF804F500
:10D010004570BDE8104001F025B810B5044690F801
:10D02000510008B1012802D1204600F003F904F1B3
:10D03000680001F07FFC04F5D87001F031FD04F5C3
:10D040004570BDE8104001F02BBD000030B5002256
:10D05000044604212DED088B81B0406503F095FB5B
:10D060009FED668AF0EE481ADFED658AF0EE000A61
:10D07000B0EE681A9FED639A04F5C470B0EE490AE9
:10D0800000F034FE0021F0EE485AB0EE485AF0EEBF
:10D09000484AB0EE484ADFED5C9AF0EE693A9FEDFF
:10D0A0005B3ADFED5B2AB0EE482AF0EE481A9FEDBE
:10D0B000591AF0EE480AB0EE040A04F16C0003F0CD
:10D0C0006DFC0021F0EE485AB0EE485AF0EE484AA6
:10D0D000B0EE484AF0EE693AB2EE043AF2EE002AB7
:10D0E000B0EE482AF0EE481AB0EE481ADFED4A0AD0
:10D0F000B6EE000A04F1C40003F050FCDFED470A6D
:10D100009FED470A0323474904F168001A4600F0DF
:10D11000DBFEF0EE481AB0EE681AF0EE000AB0EE50
:10D12000490A04F53B7000F0E1FD9FED3FAADFEDF9
:10D130003FAA0021F0EE485AB0EE485AF0EE484AB5
:10D14000B0EE484AF0EE693AB3EE043AF2EE042A41
:10D15000B0EE482AF0EE481AB0EE481AF0EE4A0A4D
:10D16000B0EE6A0A04F5037003F018FC9FED30BAC4
:10D170002C490025032300950222F0EE4B0AB7EE5E
:10D18000000A04F5D87000F087FFF0EE481AB0EE00
:10D19000681AF0EE000AB0EE490A04F58A6000F061
:10D1A000A5FD0021F0EE485AB0EE485AF0EE484A8C
:10D1B000B0EE484AF0EE693AB3EE043AF2EE042AD1
:10D1C000B0EE482AF0EE481AB0EE481AF0EE4A0ADD
:10D1D000B0EE6A0A04F55C7003F0E0FB114903232A
:10D1E00001220095F0EE4B0AB7EE000A04F54570F7
:10D1F00000F052FF01B0BDEC088B30BD0000000014
:10D20000CDCCCC3D0AD7233C0AD7A33BDB0FC9408A
:10D21000DB0F49406F12833ACDCCCC3E00401C4618
:10D2200000001042A40300249A99193ECDCC4C3E34
:10D230000000804630B590F8945400F1680400F581
:10D24000D87300F545719FED510ABDB1012D00F570
:10D25000806227D0022D38D0032D35D1D2ED230A9C
:10D2600092ED221AD2ED201A70EEC10AF4EEE01A05
:10D27000F1EE10FA49D892ED270A6EE0032284F805
:10D28000082183F8202181F8202180ED300A80EDEB
:10D29000460A80ED980A80EDF10A80ED5E0A80ED85
:10D2A000B60A0FE082ED210A90F87031042B03D00A
:10D2B000032B01D180ED5E0A92ED260A80EDB60ABD
:10D2C000B1EE400A81ED4A0A30BD042584F80851C8
:10D2D000032483F8204181F82041D2ED1E0A9FEDFE
:10D2E0002C1A90ED530AC1EE201A30EE210A80ED7F
:10D2F0005D0A92ED260A80EDB60AB1EE400A81ED94
:10D300004A0A012180F8941430BD92ED1F1AB4EE40
:10D31000E01AF1EE10FA1BD8F4EEE01AF1EE10FA72
:10D3200016DD92ED240A30EEE13AB2EE042A71EEF7
:10D33000600A31EE611AC0EE021AD2ED272A21EE00
:10D34000830A02EEA00AC0EE010AC2ED210A06E03D
:10D35000B4EEE01AF1EE10FA01DD82ED210A0325A8
:10D3600084F8085183F8205181F8205192ED211A58
:10D37000F0EE001A9FED070A21EE211AD2ED1E0AE7
:10D3800021EE001A81EE200A94E700000000000060
:10D39000DB0FC940DB0F494010B54FF496720024F3
:10D3A0002DED028BB2EE030A80F851404FF4FA7172
:10D3B00080ED160ADFED300AC0E917122F49C0EDE3
:10D3C000190A81666C3003F0F7FA583003F0F4FA6A
:10D3D0009FED2C0A4FF40051A0F86C10F2EE048A75
:10D3E00080ED1C0AC0ED1D8A9FED258A846701220D
:10D3F000C467042180ED208A80F8844080F8A8204A
:10D4000080F8AC1080ED2C8A80ED2D8A80ED2E8A7C
:10D4100080ED2F8A1C4980ED308A40F85C1CC430B6
:10D4200000F068FC80ED098A283001F067FB00F508
:10D43000B27001F063FBC0ED5C8A80ED5D8A80ED27
:10D440005E8A9FED121A80ED5F8A00F5B272B2EE2D
:10D45000000AF3EE040A82EC030AB2EE0E2ADFEDB4
:10D460000C1A80F88041C0ED611A80ED622AA0F5A7
:10D470004570BDEC028B10BD920A863EE81901088A
:10D480000000000000007A44441A010800004842ED
:10D490000080274490ED001AB4EEC01AF1EE10FAA5
:10D4A00002D280ED000A7047B4EEE01AF1EE10FAF5
:10D4B000F9DDC0ED000A7047B6EE000A93ED021ADE
:10D4C000B0EE403AD3ED030A01EE413A93ED012A62
:10D4D000D3ED002AF0EE001A62EE013A91EC034A15
:10D4E00000EEE03A22EE202A42EEE03A02EE812AF5
:10D4F00063EE040A43EEA40A42EE050AB0EE402AA7
:10D5000060EEA10AC2ED000A93ED011A93ED023A12
:10D51000D3ED002AD3ED030A61EE033A01EE412A6E
:10D5200091EC034A23EE203A42EEA03A00EEE02AC4
:10D5300002EEC13A63EE840A42EE240A43EE050A83
:10D5400060EEA10AC2ED010A93ED011AD3ED032AA0
:10D55000D3ED020A93ED002A21EE223A60EEA22AD0
:10D56000D1EC033A01EE410A02EE603A42EE012AA2
:10D5700000EEE00A23EE231A02EE841A00EE241ACB
:10D5800021EE210A82ED020A7047B6EE000A93ED01
:10D59000021AB0EE403AD3ED030A01EE413A93EDA0
:10D5A000012AD3ED002AF0EE001A62EE013A91EC66
:10D5B000034A00EEE03A22EE202A42EEA03A02EEC2
:10D5C000C12A63EE040A43EEA40A42EE050AB0EE55
:10D5D000402A60EEA10AC2ED000A93ED011A93ED14
:10D5E000023AD3ED002AD3ED030A61EE033A01EECD
:10D5F000412A91EC034A23EE203A42EEE03A00EE53
:10D60000E02A02EE813A63EE840A42EE240A43EEF7
:10D61000050A60EEA10AC2ED010A93ED011AD3EDED
:10D62000032AD3ED020A93ED002A21EE223A60EE9E
:10D63000A22AD1EC033A01EE410A02EE203A42EE70
:10D64000412A00EEE00A23EE231A02EE841A00EECD
:10D65000241A21EE210A82ED020A704700F076B901
:10D660000268011D1046F3F7B7BD000010B504466F
:10D670005C4886B090F83801002823D094F83A002E
:10D6800000281FD094ED040A68468DED000A94ED41
:10D69000050A8DED010A94ED060A8DED020A00F0EF
:10D6A00047F910EE100A504A00219042DFED4F1A60
:10D6B0000ADD00BFA4F84810C4ED131AC4ED141A13
:10D6C000C4ED151A06B010BDB4F84800DFED482AC5
:10D6D0009FED482A642865D2D4ED130A9DED003AE7
:10D6E00094ED141A94ED150A70EE830A401C80B272
:10D6F000C4ED130A9DED013A642831EE033A84ED3E
:10D70000143A9DED021AA4F8480030EE011A84ED97
:10D71000151AD7D303A89FED380AC0EE803AC3EE9E
:10D72000000ACDED033ACDED040AC1EE000AB0EED9
:10D73000420ACDED050AF0EE620AFFF7ABFEF0EE0D
:10D74000620AB0EE420A04A8FFF7A4FEF0EE620AF5
:10D75000B0EE420A05A8FFF79DFE9DED030AF0EE2C
:10D76000620A84ED070A9DED040A04F11C0084EDB1
:10D77000080A9DED050A84ED090AB0EE420AFFF79A
:10D7800089FEF0EE620AB0EE420A04F12000FFF7D3
:10D7900081FEF0EE620AB0EE420A04F12400FFF7C7
:10D7A00079FE87E7DFED151A9FED153A00216A46ED
:10D7B00002EB810304EB810093ED000AD0ED070A30
:10D7C00020EE210A00EE830AF0EE620A80ED070ADD
:10D7D0001C30B0EE420AFFF75DFE491CC9B20329B6
:10D7E000E6D36FE7A03F0024295C8F3D00000000D6
:10D7F000BC74933BBC7493BB0000C8426F12833A65
:10D8000077BE7F3F70B50446683000F091F884ED34
:10D810000F0A04F1740000F08BF8DFED220A84EDAA
:10D82000100A214930EE600AE06B8842B0EEC00A6F
:10D8300084ED110A01DA012200E000221B4B10EEF8
:10D84000101A994201DA012100E00021184B0A4028
:10D85000984201DD012100E0002110EE100AB0F134
:10D860007A5F01DD012500E0002594F83A60002090
:10D87000012329431EB199B1218F71B10EE052B13C
:10D88000E18EC82904D2491C89B2E186C82903D394
:10D8900084F83A3004E0E08670BD238784F83A00CB
:10D8A000208770BD79E91C410AD7233DCDCC4C3E81
:10D8B000CDCC4C3D10B504462DED028B9FED158A65
:10D8C000016080ED0C8A0846F3F7F0FB9FED122A09
:10D8D000F7EE001A9FED111AF0EE480AB2EE040AB4
:10D8E000FAF71CF89FED0E0A012084ED260AB7EE28
:10D8F000002A84F83400DFED0B0A9FED0B1ADFEDF0
:10D900000B1A84ED0B2A1C34C4EC030ABDEC028B09
:10D9100010BD00006F12833A000000008096184B83
:10D9200096430B3CA526513B2A64AEBA6C8C5CBB7B
:10D9300090ED000AD0ED010A90ED021A20EE000AE7
:10D9400000EEA00A01EE010A03F0A6BB30B50446C2
:10D95000564893B004AD0EC885E80E000EC807AD5A
:10D9600085E80E000EC80AAD85E80E0007C80DABAD
:10D9700083E80700D4ED010A94ED0B0A204660EE1F
:10D98000800AC4ED1D0AD4ED020A60EE800AC4EDDF
:10D990001E0AD4ED030A20EE800A84ED1F0A94EDDE
:10D9A000040AD4ED070A30EE600A84ED1A0A94EDF9
:10D9B000050AD4ED080A30EE600A84ED1B0A94EDE6
:10D9C000060AD4ED090A30EE600A84ED1C0AFFF75E
:10D9D00019FF04F1680094ED0C3A90EC060AFAF78E
:10D9E00019F8334B04F158050FCB85E80F0020469A
:10D9F000FFF73CFE2B46204604F19C021D4607A97A
:10DA0000FFF75AFD04F1A8022B460AA92046FFF7AA
:10DA100053FD04F1B4022B460DA92046FFF74CFD3F
:10DA200004A92B466A462046FFF7AFFD00206A4650
:10DA300094ED0C0A02EB800304EB800193ED002AC5
:10DA400091ED1D1AD4ED260AD1ED201A31EE422AAD
:10DA500030EE801A61EEA00A401C22EE000AC0B22D
:10DA6000C0EE811A0328C0EE010A30EEA10A81ED52
:10DA7000200ADDD304F18C022B4604F180012046FC
:10DA8000FFF71AFD0B4890ED6A0A84ED320A90ED1B
:10DA9000690A84ED300A90ED680A84ED310A90ED50
:10DAA0006B0A84ED330A13B030BD00003015010855
:10DAB000F0400024A03F002490F83010012900D04D
:10DAC0000021007B0840704730B50A88C2F30A0283
:10DAD000B2F5807F25D0A2F58072013A20D131F8CD
:10DAE000283FD0F811205BBA63F31B32C0F8112035
:10DAF0004B880C79C2F30F324D7959BA00EE102AD7
:10DB0000090441EA04212943C0F81510F8EE400A3F
:10DB100000EE101AC0ED0A0AB8EE400A80ED0B0ABA
:10DB200030BD11F8283F027B63F3000202734B788B
:10DB300063F3430202734B88C2685BBA63F3131248
:10DB4000C2608A88D0F80D3052BA62F31B33C0F835
:10DB50000D30CA88D0F80F1052BA62F31B31C0F8EA
:10DB60000F10C268C1F30F3100EE101AC2F30F118B
:10DB7000F8EE400A00EE101AB8EE400A80ED070AEF
:10DB8000D0F80D10C1F30F3100EE101AB8EE400AB4
:10DB900080ED080AC0ED090A30BD426B521C426399
:10DBA000FFF792BFD0E90D12914203D1002180F816
:10DBB000301070470122816380F8302070471FB514
:10DBC000044600200823D4E90012CDE90012A16820
:10DBD0006A46CDE90210E06B4FF48871FDF706F953
:10DBE000E06B082302AA40F21111FDF7FFF81FBDF8
:10DBF000C16370470022016080F804227047000072
:10DC00000FB470B504460598142801DD1420059062
:10DC100094F80402002206AB04EB00211046091D13
:10DC200011E0DB1D23F00705161D95ED000BFC2E02
:10DC300005F10803B7EEC00B04D88E18121D10EEC4
:10DC4000105A3560401C059DA842EADB101DB0F556
:10DC5000807F04DC08488B18121D0068186092B29F
:10DC6000204600F00BF894F80402C0F1010084F89B
:10DC7000040270BC5DF814FBDC1901080068002880
:10DC800001D0F9F7FFBD704790ED020A90ED001A40
:10DC9000D0ED010A134A30EE010A70EE800A10EE50
:10DCA000901A914204DD80EE201A80ED041A03E000
:10DCB000DFED0D0AC0ED040A00F10C01B7EE002AF9
:10DCC000D1EC030A32EE412A71EEE01A22EE000A8C
:10DCD00041EE210AC0ED061AC0ED030A80ED020AEA
:10DCE0007047000017B7D1380000000080EC040A2C
:10DCF000704700009FED0B0ADFED090A80ED030A73
:10DD000080ED040ADFED081A80ED050AB7EE001A6F
:10DD100000F11801C0EC030A81EC030A704700000F
:10DD20006F12833A0000000067D5E73C10B5044647
:10DD300090F8510004EBC0004168491C416094F820
:10DD4000510005282BD2DFE800F003030A241D0050
:10DD5000606D90F81804022821D102211AE0606D4C
:10DD600090F81804032803D10321204602F0FCFC9C
:10DD700094F85100E16D04EBC000406888420ED376
:10DD8000042107E0A06DE065606D90F8180400289C
:10DD900005D101212046BDE8104002F0E5BC10BDD0
:10DDA0003EB5D0F8B450044669462C352846FDF7F8
:10DDB00068FDA81C01A9FDF764FD281D02A9FDF757
:10DDC00060FDB4F8F800BDF80010081A02B2B4F80B
:10DDD000C800434203EBD373B2EB630F03DAD4F80A
:10DDE0000021521C05E0B2EB500FD4F8002102DDF7
:10DDF000521EC4F8002100EE900A02FB0012F8EE59
:10DE0000600A00EE102AB0EE001AC4F8FC20F8EE0A
:10DE1000C01A81EEA00ADFED1A0A20EE011A94ED75
:10DE2000300A61EE200A80EE801A84ED391ABDF9BD
:10DE300004009FED141A00EE900AF8EEE00A60EE7E
:10DE4000810A80EE801A84ED3A1ABDF90800D4EDFB
:10DE5000330A00EE100AB8EEC00A80EE201ADFED99
:10DE60000A0A84ED3B1AA87900EE100AB8EE400ABF
:10DE700030EE200A84ED3C0AC4F8F8103EBD0000E4
:10DE8000DB0F49405077D63D33938843D0F8D41008
:10DE9000491CC0F8D410016889680847D0E93512D8
:10DEA000914209D1002280F8E0209FED060A80ED22
:10DEB000160A80ED2C0A02E0012280F8E020C0F86A
:10DEC000D81070470000000070B5044608680E4680
:10DED0000F491546884201D10E4808E00E49884294
:10DEE00001D10E4803E00E49884202D10D48C4F822
:10DEF000B400002284F80831294684ED300AC4EDCC
:10DF0000310A304604F8B85FFCF7B0FF606070BDBE
:10DF100000A000405423002400A40040AC230024AF
:10DF200000D400400424002490ED370A50F8BC2FA0
:10DF3000BDEEC00A10EE101A0912117090ED080A19
:10DF40000168BDEEC00A10EE100A4870704700006C
:10DF50003EB5D0F8B450044669462C352846FDF746
:10DF600090FCA81C01A9FDF78CFC281D02A9FDF757
:10DF700088FCB4F80C01BDF80020101A01B2B4F806
:10DF8000DC00434203EBD373B1EB630F03DAD4F845
:10DF90001411491C05E0B1EB500FD4F8141102DD47
:10DFA000491EC4F8141100EE100A01FB0020B8EE5F
:10DFB000403A00EE100AB0EE002ADFED230AB8EE78
:10DFC000C00AC4F8100104F1CC019FED201ADFED66
:10DFD000201AC0EE032A94ED300A22EE822A62EE65
:10DFE000200A80EE802A84ED3E2ABDF9040000EE6E
:10DFF000900AF8EEE00A20EE811AC1EE000AC4EDA4
:10E000003F0ABDF90800D4ED382A01EE100AB8EE37
:10E01000C11A81EE222A60EE802A84ED402AA87976
:10E0200001EE100AB8EE411A31EE211A84ED411AC0
:10E03000C03491EC040AFCF701FF84ED120ABDF82C
:10E040000000E0643EBD0000DB0F49405077D63D44
:10E0500033938843D0F8E810491CC0F8E8100168F1
:10E0600049690847D0E93A13012299420DD10023AA
:10E0700080F8F4309FED070A80F8202180ED160A21
:10E0800080ED2C0A80ED4B0A01E080F8F420C0F806
:10E09000EC1070470000000070B50E461546124A9D
:10E0A000044604993068904201D1104808E0104AB3
:10E0B000904201D10F4803E00F4A904202D10F482D
:10E0C000C4F8B400002284F82031304684F8C4102B
:10E0D000294684ED300AC4ED320A04F8B85FFCF733
:10E0E000C5FE606070BD000000A000405423002405
:10E0F00000A40040AC23002400D4004004240024E9
:10E1000090ED3C0A50F8BC2FBDEEC00A10EE101A7C
:10E110000912117090ED0D0A0168BDEEC00A10EEF3
:10E12000100A4870704700002DE9F04104462DEDBB
:10E13000028B82B04568807A00F00F0015F82C1F22
:10E1400001F00F01814275D1681C6946FDF799FB0A
:10E150002B78E97828796A791B0900F00F0684F892
:10E1600030300B0194F8541043EA101342EA0626AB
:10E1700031B1BDF800100020A164206584F854007E
:10E18000BDF80010A06C081A10F5004F02DA206DDF
:10E19000401C04E0B0F5004F02DD206D401E2065FC
:10E1A000B4F8500040F6FF779FED251AF0EE000A14
:10E1B00001EB0040E06400EE100A9FED228A40F27D
:10E1C000FF783A46B8EEC00A4146184620EE011ADA
:10E1D00094ED030A61EE200A20EE800A84ED0D0A18
:10E1E000D4ED040AB0EE480AFCF71EFF84ED0E0AD7
:10E1F000D4ED050AB0EE480A3A4641463046FCF7EF
:10E2000013FF84ED0F0AA8799FED0F0A00EE900A24
:10E21000F8EE600A70EE800AC4ED100AE87900EEAC
:10E22000900AF8EE600A30EE800A84ED110ABDF81B
:10E230000000A06402B0BDEC028BBDE8F0810000DC
:10E2400000008037000000003393884342680823B1
:10E2500041891068014AFCF7C9BD00004C02002446
:10E26000C169491CC161FFF75FBFC169026A914280
:10E2700001D1002100E0012180F82C10C169016268
:10E280007047000030B50968144D039CA94201D1C4
:10E29000134908E0134DA94201D1134903E0134D7E
:10E2A000A94201D112494160028134B1012C0BD045
:10E2B000022C0CD0032C01D10CE0438180F8584093
:10E2C0000C3080EC040A30BD03F58073F5E703F5EC
:10E2D0000073F2E703F54073EFE7000000A0004091
:10E2E0005423002400A40040AC23002400D40040A8
:10E2F00004240024F0B490F8511000EBC1014A68E6
:10E30000521C4A6090F8511000297CD001297BD121
:10E31000416D642490ED7F1A0A4601F6D80102F699
:10E320003C2291ED400AD2ED400A002200F160014A
:10E3300030EE600A71EE000AC0ED7F0AD0F8F831C5
:10E34000642B16D0002B0B467ED0D3F894315B1C87
:10E35000B3FBF4F504FB1535C1F89451D1F8945191
:10E3600001EB850383ED000AD1F898315B1CC1F8FD
:10E370009831D0F8F851836DAEB29E4218D9D1F8D9
:10E380009031D0ED7F0A01EB830696ED000A30EE66
:10E39000C00A80ED7F0A5DB15B1CD1F89851B3FBD8
:10E3A000F4F66D1EC1F8985104FB1633C1F8903194
:10E3B000D0ED7F0A90ED171A9FED450AF4EEC10AE1
:10E3C000F1EE10FA14DDC0F8F021C0F8F421C0F825
:10E3D000F821D0ED800AB2EE041AD0F8041270EEE3
:10E3E000810A80ED7F0A491CC0ED800AC0F8041242
:10E3F000D0ED800AF5EEC00AF1EE10FA01D280ED00
:10E40000800A416D01E006E05FE091F8CC4901F639
:10E41000D8039CB33BE0416D01F6D80291F8CC39AA
:10E42000012B52D191F8303B01F63C21012B4CD10C
:10E43000D2ED4A0AF5EEC00AF1EE10FA45DD91ED93
:10E440004A0AB5EEC00A00E019E0F1EE10FA3CD23B
:10E45000D2ED521A9FED1F1A60EE810AF4EEE01A17
:10E46000F1EE10FA31DB20EE010AD1ED520AF4EEA2
:10E47000C00AF1EE10FA28D8012123E004E0C3F825
:10E480009021C1F8942169E791F8304B7CB1D3ED2C
:10E490004A0AF5EEC00AF1EE10FA16D101F63C2157
:10E4A000D1ED4A0AF5EEC00AF1EE10FA0DD1C0F82E
:10E4B000F0210021C0F8F421C0F8F82180ED7F0A96
:10E4C00080ED800AF0BC02F04FB9F0BC704700004C
:10E4D00000000000A4707D3F90F87410D0F828016F
:10E4E0009FED050A012904D0D0ED300A20EE800A04
:10E4F0007047D0ED330AF9E735FA8E3C90ED540AB7
:10E500007047000070B500F1D00504462DED028B78
:10E5100090F858109FED308A51B1012905D0022999
:10E5200043D0032901D184ED198ABDEC028B70BD63
:10E5300094ED550A84ED310A206801682046884729
:10E5400084ED320A04F1780002F036F994ED250AE0
:10E55000D4ED580A30EE200AB1EE400A84ED180AD4
:10E5600084ED470A206841682046884784ED480AC0
:10E57000284602F021F994F87400DFED188A48B9B2
:10E580002068016820468847B0EEC00AF2F7E4F937
:10E5900020EE288A94F8740094ED3B0A012801D0FB
:10E5A00030EE080A84ED190ABFE794ED560A84EDAF
:10E5B000470A206841682046884784ED480A284673
:10E5C00002F0FAF894ED3B0A84ED190A94ED560A2C
:10E5D00084ED180AA9E7000000000000CDCCCC3E75
:10E5E000FFF743BE10B5044690F8580094ED0E0AAC
:10E5F00048B984ED500A04F59670FFF745FB94ED99
:10E600004E0A84ED540A2046FFF77CFF94F8300050
:10E61000012806D000282AD12046BDE81040FFF787
:10E6200015BED4ED040A04F16000B1EE600A02F0F8
:10E63000DBFDD4ED050A04F16400B1EE600A02F0DE
:10E64000D3FDD4ED060A04F16800B1EE600A02F0D1
:10E65000CBFDF1EE040A9FED060A04F1700002F012
:10E66000C3FD2068C1682046BDE81040084710BDC2
:10E670000000000070B504462DED028B82B0DDE98C
:10E6800008560096FFF7FEFD9FED0C8A9FED0C1AD1
:10E69000F0EE000AF0EE481A9FED0A0A04F59670B3
:10E6A000FFF724FB84F87450002E84ED548A01D1C6
:10E6B00084ED1B8A02B0BDEC028B70BD000000002F
:10E6C000CDCCCC3D0AD7233C2DE9F047044604F1DC
:10E6D00024052DED028B82B090F8580068B3012814
:10E6E0007DD002287CD003287ED19FED481ADFED33
:10E6F000480AE06D286094ED180A20EE010ABCEE8D
:10E70000C00A10EE100AA88094ED1A0A94ED061AB9
:10E71000C0EE011A21EEA00ABCEEC00A10EE100AEB
:10E72000E880082360686189006802B02A46BDEC71
:10E73000028BBDE8F047FCF759BB0020ADF80000A4
:10E740009FED348A40F6FF7A40F2FF7694ED041A8A
:10E7500094ED180AF0EE480A51463046FCF74EFC9C
:10E7600094ED051A94ED190AF0EE480A80465146D8
:10E770003046FCF743FC9FED281AF0EE480AB0EE55
:10E78000480A814651460020FCF738FC94ED1C0AEB
:10E79000B1EE041AF0EE480A074651460020FCF795
:10E7A0002DFC002106466846FDF76BF801462980DE
:10E7B0004FEA08114FEA1810A87041EA1723EB70CE
:10E7C00032092F7136016A7146EA1920A87185F85D
:10E7D0000790082360682A466189006802E008E023
:10E7E0000CE001E0FCF702FB02B0BDEC028BBDE8DF
:10E7F000F087E06D2860206E686092E7206E042349
:10E8000028606068618900688FE700000000C842E6
:10E8100000401C46000000000000FA43C0F8281128
:10E820007047000010B500212DED028BC16101621F
:10E8300080F82C10012380F854309FED168A80F860
:10E84000581080ED178A80ED188A80ED198A80EDC6
:10E850001A8A80ED1B8A104980ED1C8A40F8781BCB
:10E8600002F0AAF8583002F0A7F85C30FFF742FA3D
:10E8700080ED098A80ED0A8A80ED0B8A80ED0C8A92
:10E8800080ED0D8A80ED0E8AA0F59670BDEC028BAE
:10E8900010BD0000000000002C1A010803460448C7
:10E8A0004068002803D00A461946FEF7C2BA7047EE
:10E8B0008C03002470B590F808110446012936D065
:10E8C00004F15C000329054604D004290FD09FED14
:10E8D000180A2AE094ED440AD4ED460A30EE200AE4
:10E8E00084ED2A0A94ED510A84ED2B0A19E094ED87
:10E8F000430A201D84ED140A94ED390A84ED150AAB
:10E9000001F05AFF94ED080A284684ED440AD4ED3C
:10E91000460A30EE200A84ED2A0A94ED510A84ED6D
:10E920002B0A01F049FF94ED1E0A84ED450A70BDE3
:10E930000000000010B590ED3A0A044680ED4D0A43
:10E9400000F59070FFF7A0F994ED4B0A84ED510AA1
:10E950002068C1682046884794ED450A94ED471A1F
:10E96000D4ED330A04F1DC0030EE010A20EE800A17
:10E9700084ED370AD4ED310AB1EE600A02F034FCBE
:10E9800020680169204688479FED030A84ED470A05
:10E9900084ED460A10BD00000000000000280FD0E2
:10E9A000C26471B1436C002AC16B03F1010343647B
:10E9B00001F10101C16303D1016C01F101010164A5
:10E9C0007047816B00224264491C816370470000DC
:10E9D000002804D000680949884201D108487047DE
:10E9E0000849884202D10648583070470649884293
:10E9F00002D10348B03070470020704700A00040AB
:10EA00005423002400A4004000D4004070B5044604
:10EA10002DED028B90F820119FED208A012908D05E
:10EA200004F15C00032905460AD0042915D084EDC1
:10EA30004B8A84ED4D8A84ED4C8ABDEC028B70BD0F
:10EA400094ED4A0AD4ED4C0A30EE200A84ED2A0AED
:10EA500094ED580A84ED2B0A19E094ED490A201D23
:10EA600084ED140A94ED3E0A84ED150A01F0A4FE2B
:10EA700094ED080A284684ED4A0AD4ED4C0A30EE9B
:10EA8000200A84ED2A0A94ED580A84ED2B0A01F03D
:10EA900093FE94ED1E0A84ED4B0ACAE700000000C5
:10EAA00038B590ED3F0A044680ED540A00F59E709B
:10EAB000FFF7EAF894ED520A84ED580A206881695C
:10EAC0002046884794ED4B0AD4ED4D0A684630EE57
:10EAD000200A8DED000AD4ED320AB1EE600A02F090
:10EAE00083FB94ED380ADDED000A204620EE200A73
:10EAF00084ED3C0AFFF704FB38BD000010B5244943
:10EB00002DED028B02C001F057FF583001F054FF89
:10EB10009FED210ADFED210A9FED211ADFED211A79
:10EB200070309FED212A4FF40052F3EE042A80EC5E
:10EB3000040A0021B7EE000A0282012280ED052AB4
:10EB4000C0ED062A9FED138AC161016280ED098A3A
:10EB500080F82810042180F84C2080F8541080EDB3
:10EB6000168A80ED178A80ED188A80ED198A80ED6B
:10EB70001A8A0E4980ED1B0A40F8CC1C7030FFF752
:10EB8000B9F880ED098AA0F59E70BDEC028B10BD2E
:10EB9000041A0108000000005177973CF222D03798
:10EBA0002DD2183E23AB303FCDCC4C44601A010827
:10EBB000F8B50E46154603F07F0104468DF80010A7
:10EBC0000022069829468DF801003046F4F7BAFC79
:10EBD0006423694602222046F7F718F801222946E5
:10EBE0003046F4F7AFFCF8BD2DE9F843364F00236B
:10EBF00008228046394600F0DFF80120F3F72EFDA9
:10EC0000002339460822404600F0D6F80120F3F7E9
:10EC100025FDB62039461423009008224046FFF710
:10EC2000C7FF3220F3F71AFD002339460822404679
:10EC300000F0C2F80120F3F711FD00233946082245
:10EC4000404600F0B9F804460120F3F707FD0F2C09
:10EC500002D00120BDE8F8831C4C002004F12805F7
:10EC60002070C0B208223E4600EB400005EB400198
:10EC700089780091394615F810304046FFF798FF23
:10EC80000120F3F7EBFC20780822314600EB40002E
:10EC900015F81030404600F08FF806460120F3F7D3
:10ECA000DDFC217801EB410005EB40025088B042C9
:10ECB00003D09088628810436080491CC8B22070DD
:10ECC0000628CED36088C5E7000802584003002418
:10ECD0002DE9F843364F002301228046394600F0E3
:10ECE0008EF80120F3F7BAFC002339460122404692
:10ECF00000F085F80120F3F7B1FCB62039467E23F9
:10ED0000009001224046FFF753FF3220F3F7A6FCA4
:10ED1000002339460122404600F071F80120F3F744
:10ED20009DFC002339460122404600F068F8044665
:10ED30000120F3F793FC1E2C02D00120BDE8F883DC
:10ED40001C4C0020251D2070C0B201223E4600EB65
:10ED5000400005EB400189780091394615F81030E4
:10ED60004046FFF725FF0120F3F778FC20780122C9
:10ED7000314600EB400015F81030404600F03FF8F7
:10ED800006460120F3F76AFC217801EB410005EB10
:10ED900040025088B04203D090886288104360805F
:10EDA000491CC8B220700628CED36088C6E7000090
:10EDB0000008025840030024FEB50E46154643F0F5
:10EDC000800104468DF80410002055228DF805209E
:10EDD0000246294602903046F4F7B4FB64200090C6
:10EDE0000223204602AA01A9F7F732F89DF809404C
:10EDF000012229463046F4F7A5FB2046FEBDFEB5AC
:10EE000015460E4643F0800204468DF80420552036
:10EE100000218DF805000A46029129468DF806006A
:10EE20003046F4F78FFB642000900323204602AAAB
:10EE300001A9F7F70DF89DF80A400122294630464E
:10EE4000F4F780FB2046FEBD70B504462D4DB0EEB4
:10EE5000000A54F8EC0FD0ED000A60EE800AC5ED10
:10EE6000090AD0ED010A60EE800AC5ED0A0AD0ED6C
:10EE7000020A60EE800AC5ED0B0AD0ED030A2248B3
:10EE800020EE800A85ED0C0A14F8DE1C14F8E02C44
:10EE90000388206A11FB02F15943F1F7F0FB95ED6D
:10EEA0000B2A206AF1EE421AC0ED001A206AD5ED55
:10EEB0000C0AC0ED010A95ED090A206AB1EE401A6C
:10EEC00080ED021A206A95ED0A1A80ED031A206A75
:10EED000F1EE412A80ED061A206A80ED070A206AC9
:10EEE000C0ED080A206A80ED092A206A80ED0C0A2C
:10EEF000206AC0ED0D2A206AC0ED0E1A206AC0ED0E
:10EF00000F0A70BD680200243C03002410B50446BB
:10EF10000948902254F8F81FF1F75DFB0748482292
:10EF2000616AF1F758FB054848226169BDE8104065
:10EF30004830F1F750BB0000AC02002480410024AF
:10EF40002DE9FC5F00F18001044678300546009110
:10EF5000F2F70CF884F8C80004F1A802B4F87800BD
:10EF600004F15801A4F8A8009146B4F85A00A4F896
:10EF7000AA0028460191F1F701FF84F8C80004F1C6
:10EF8000B002B4F8A8009046A4F8B000B4F882002B
:10EF9000A4F8B20048460099F1F7F0FE84F8C800E2
:10EFA00004F1A002B4F8900004F19001A4F8A000CC
:10EFB0001546B4F89200A4F8A2004046F1F714FDFB
:10EFC00084F8C800B03441462846F1F771FD207638
:10EFD0000125E16B0026BE48F0EE002AD1ED001AB3
:10EFE000BC4FC0ED0D1A91ED010A21EEA12A80ED72
:10EFF0000E0A91ED021A21EE803A80ED0F1AD1ED42
:10F00000030A00EE402AC0ED100A20EE200A34F870
:10F01000380C01EE203A208101EEC10A01EE412AAE
:10F020006581E06F20EE221A23EE220A00EEA02A6C
:10F0300080ED001AE06F80ED010AE06FB4F1B004DA
:10F0400080ED022AD4F82C0100EB860090ED000A36
:10F05000B0EEC00A01F0F8FC07EB8601701CC6B2E6
:10F06000032E81ED610AEDD3B4F8480004F1C0022B
:10F0700004F1B801A4F8C00004F1480092468B46A0
:10F08000A4F8C250F1F712FF84F8C8004A46B4F859
:10F09000C0005146A4F8A800404624F8AA5FF1F742
:10F0A0006DFEA0775946E581E08A20825046F1F74F
:10F0B0005DFF894A4946A0775846F1F75FFEA07781
:10F0C000AA3C97ED730AB6EE001AD7ED720A20EE4D
:10F0D000011AF4EEC10AF1EE10FA01D287F83851A4
:10F0E0000020F4EEC00AF1EE10FA30DD97F8381186
:10F0F00069B397F8391129B1D7E95012491C42F187
:10F10000000201E000210A46C7E95012D7E9503653
:10F110000021D3F13202B14102D287F8380134E044
:10F120006E4E227B30884243D4E93A018034F1F7B5
:10F1300052FA14F8740C338810FB00F2D4E91E0163
:10F140005A43F1F748FA04F8545CBDE8FC9F9FED80
:10F15000641A20EE011AF4EEC10AF1EE10FA0DDD88
:10F1600097F8381151B19FED5F1A70EE600A20EEEA
:10F17000010A80EE801A87ED671A03E0B7EE000AF5
:10F1800087ED670A0021C7E9501184F82C004A4630
:10F19000B4F85810B4F88200A4F8A810A4F8AA0093
:10F1A0006C34DDE90010F1F7E9FD84F85C0004F14E
:10F1B0002C026C3C414648460092F1F7DFFD84F892
:10F1C000C80000200EE000BFD4F81C11421CD7ED8F
:10F1D000670A01EB8001D0B291ED000A20EE200A0F
:10F1E00081ED000AB4F89810B4F89A205143814296
:10F1F000EADC04209FED3C0A5FF0000107EB80068B
:10F2000000EB4003D4F81C2196ED5D1A03EB010CD2
:10F21000491CC1EE000A02EB8C02C9B292ED001A41
:10F22000032960EE810AC2ED000AEBD3401CC0B294
:10F230000628E1D3B4F898005A46A4F8B80051461D
:10F24000A4F8BA5098340098F1F798FD84F830008B
:10F25000983C97F8380158B39FED241A9FED240A83
:10F260005FF00400D4F8BC10D7ED6F0A01EB800109
:10F2700060EE810AD1ED001AF4EEE01AF1EE10FA18
:10F2800001DDC1ED000AD4F8BC10D7ED6F0A01EB27
:10F29000800160EE800AD1ED001AF4EEE01AF1EE82
:10F2A00010FA01D2C1ED000A401CC0B20628D9D321
:10F2B000D4F8BC0004F130029FED0E0A594680EDEF
:10F2C000030A04F13800F1F78FFB84F8C8003CE72B
:10F2D00068020024A03F0024604100243C03002475
:10F2E000CDCCCC3D6666663FDA0FC93F0AD7233CDA
:10F2F0000AD723BC0000000070B50446D0F8EC002B
:10F30000574D90ED000A85ED040A20EE000A90EDBD
:10F31000011A85ED051A01EE010AD0ED021AC5EDBC
:10F32000061AD0ED030A01EEA10AC5ED070A00EEA8
:10F33000A00A00F09DF8002085ED080AD4F8EC1032
:10F34000421C01EB8001D0B2D1ED000A042860EE2E
:10F35000800AC1ED000AF1D3424895ED051AF6EE98
:10F36000000AD0ED6F1AD4F80011BEEE000A61EE6B
:10F37000811A3D4A9FED3D2A61EEA01AC1ED041AA3
:10F38000D0ED6F2AD5ED061AD4F8001162EEA12A4D
:10F3900062EEA02AC1ED052A90ED6F3AD5ED042A60
:10F3A000D4F8001123EE223A23EE003A81ED0A3A16
:10F3B000D0ED6F3A95ED073AD4F8001163EE833A39
:10F3C00063EEA03AC1ED0B3AD0ED6F3AD4F80011DC
:10F3D00023EE833A23EE003A81ED103A90ED6F3A36
:10F3E000D4F8001163EE222A62EE802AC1ED112AC0
:10F3F000D0ED6F2AD4F8001162EEA11A61EEA00AD6
:10F40000C1ED160AD0ED6F0AD4F8001160EE810A42
:10F4100020EE800A81ED170AD4F8F810D0ED740AB6
:10F4200091ED1C0A80EE201A81ED1C1AD4F8F81018
:10F43000D0ED740A91ED230A80EE201A81ED231A93
:10F44000D4F8F800016F914201DD80ED1C2AD4F858
:10F45000F800D0F88C10914201DD80ED232A70BDB8
:10F4600068020024A03F002400401C4600401C46C7
:10F4700010EE100A0849F6EE000AB7EE081A60EE20
:10F48000200AA1EB600000EE100A60EE800A00EE98
:10F49000C01A21EE000A7047865A375F2DE9F04105
:10F4A0000446414D00202074A27B288861684243B5
:10F4B000D4F8F400F1F78FF8A17B28884143606805
:10F4C000F1F7DDF8A07B2A8810FB00F1D4F81801D1
:10F4D0005143F1F7D4F8217BA27B2B88D4F80C019F
:10F4E00011FB02F15943F1F7CAF800202CE000BFEC
:10F4F000D4F8F41001EB800292ED000AB5EEC00AD8
:10F50000F1EE10FA1ED0237C6FF0030201EB8301B1
:10F5100081ED000A237C616AC854D4E90515237B78
:10F52000267CD4F80C71095C13FB061105EB8003F3
:10F5300002EB810193ED000A394481ED000A217C40
:10F54000491C2174401CC0B2A17B8142D0D800204C
:10F5500011E000BF636A10FB0105E269411CD4F8A9
:10F5600018611B5CC8B202EB830106EB850291EDCA
:10F57000000A82ED000A217C8142EBD8A4F88210B7
:10F58000CAB2A4F89010A4F89210207BA4F87820B6
:10F59000A4F89A10A4F84810A4F87A00A4F88000FF
:10F5A000A4F89800BDE8F0813C03002408B50021D0
:10F5B0004FF070620091009B5B1C009393420CD84B
:10F5C0000369002BF7DA0091016941F00101016143
:10F5D0000099491C0091914201D9032008BD01699D
:10F5E000C907F5D1002008BD2DE9F04F804E804FAE
:10F5F000DFF8FC911836DFF8F8A148370468856D0C
:10F600000AF1300ADFF8ECB14C45DFF8ECC1DFF865
:10F61000ECE16DD0B4426BD0544569D0BC4267D0A8
:10F62000DFF8D081A8F11808444561D05C455FD06F
:10F6300064455DD074455BD0DFF8C481444557D044
:10F64000DFF8BC8108F11808444551D0DFF8B081DB
:10F6500008F1300844454BD0DFF8A48108F1480890
:10F66000444545D0DFF8988108F1600844453FD013
:10F67000DFF88C8108F17808444539D0DFF88081C3
:10F6800008F19008444533D0DFF8748108F1A808E8
:10F6900044452DD0DFF86C81444529D0DFF86481E2
:10F6A00008F11408444523D0DFF8588108F12808F0
:10F6B00044451DD0DFF84C8108F13C08444517D083
:10F6C000DFF8408108F15008444511D0DFF834815B
:10F6D00008F1640844450BD0DFF8288108F1780868
:10F6E000444505D0DFF81C8108F18C08444509D158
:10F6F000D0E91948C4F80480C46E1CB1D0E91C4894
:10F70000C4F8048004684C452ED0B4422CD0544533
:10F710002AD0BC4228D0374E183EB44224D05C4593
:10F7200022D0644520D074451ED0354EB4421BD043
:10F73000334E1836B44217D0314E3036B44213D05F
:10F740002F4E4836B4420FD02D4E6036B4420BD007
:10F750002B4E7836B44207D0294E9036B44203D0AF
:10F76000274EA836B44215D190F85C603F2406F0CD
:10F770001F06B440AC600468256825F48025256028
:10F780002EE09A600068C160BDE8F08F9960006863
:10F79000C260F9E71B4EB4421BD01A4E1436B44275
:10F7A00017D0184E2836B44213D0164E3C36B44209
:10F7B0000FD0144E5036B4420BD0124E6436B442C1
:10F7C00007D0104E7836B44203D00E4E8C36B44279
:10F7D000DAD190F85C60012406F01F06B4406C603A
:10F7E000046863608368402B0368CFD1C9E70000D9
:10F7F0001000024088000240A0000240B800024011
:10F80000100402400854025810B583694FF0C074C8
:10F81000826A0146002053B1B3F5005F15D072B182
:10F82000012A0CD0022A0AD0032A09D104E01AB115
:10F83000012A06D0022A03D1C96AC90100D50120D4
:10F8400010BDC96AA142FAD010BD002AF7D0012A22
:10F85000F2D0022AF3D0032AF3D010BD294A01685E
:10F8600091423AD0274A1832914236D0254A303256
:10F87000914232D0234A483291422ED0214A6032FE
:10F8800091422AD01F4A7832914226D01D4A9032A6
:10F89000914222D01B4AA83291421ED01A4A91426C
:10F8A0001BD0194A1832914217D0174A3032914270
:10F8B00013D0154A483291420FD0134A6032914218
:10F8C0000BD0114A7832914207D00F4A90329142C0
:10F8D00003D00D4AA832914211D1CAB21823103A6E
:10F8E000B2FBF3F26FF30901032A02F00703074AA0
:10F8F000D25CC26500D9091D81650846704721F0B8
:10F90000FF01F9E7100002401004024094140108BE
:10F9100030B5224A012301689142CAB21BD01F4C64
:10F920001434A14217D01D4C2834A14213D01B4CD3
:10F930003C34A1420FD0194C5034A1420BD0174C8B
:10F940006434A14207D0154C7834A14203D0134C43
:10F950008C34A1420CD11421114C083AB2FBF1F1C4
:10F960000F4A803201F01F0504EB8101AB4010E02B
:10F970000C4D1824103A0D44B2FBF4F1A82D00D818
:10F980000831094A01F01F0402EB8101064AA34035
:10F990008032603080E80E0030BD0000085402580C
:10F9A00000580258F0FBFDBF0008024010B5027974
:10F9B000531E072B2DD8174C0168A1421BD0154CA4
:10F9C0001434A14217D0134C2834A14213D0114C47
:10F9D0003C34A1420FD00F4C5034A1420BD00D4CFF
:10F9E0006434A14207D00B4C7834A14203D0094CB7
:10F9F0008C34A14203D10849074C443102E0074945
:10FA0000064C443104EB8202C0E91B2101219940DC
:10FA1000416710BD08540258FC580258FC080240C7
:10FA20002DE9F84F0E460568814601EBC60100EB53
:10FA30008104D4E909201434904202D90120BDE8A0
:10FA4000F88FA168101A814200D20846C01C05EB4D
:10FA5000461887081BE000BFA268A0EB010A5245C8
:10FA600000D2924699F806100AF1030000911FFA9D
:10FA70008AF3E16887082846F2B2FBF7E3F8E16809
:10FA800001EB0A00E060616901EB0A006061D8F8EF
:10FA9000180980B2B84205D3D4E90401814201D2E9
:10FAA0000028D9D1D4E90401884208D8D5F83418FF
:10FAB000012006F00F0290408143C5F83418002061
:10FAC000BDE700002DE9F041044680790D4620276E
:10FAD000236801284FF4004604F29C4203EB4511D1
:10FAE000D3F840C0D1F8080B09D0DFF89CE0F4450A
:10FAF0003AD1020433D500BFC1F8086B40E0234B74
:10FB00005FEA007E04D59C453AD90004F4D437E07E
:10FB10005FEA806E02D5C1F8087B31E010F0280F53
:10FB20002ED19C4501D90004E6D4D1F8101B05EB79
:10FB3000C50004EB8000C1F31201D0F87432A3EBCE
:10FB40000101C0F8681200F51570ADB903691BB169
:10FB5000C2681144C1600FE0206801210AE08006FC
:10FB60000AD5C1F8087B07E035B9D4F8640218B9A2
:10FB700000211846FAF798FC2046E9B2F3F729FE6F
:10FB80000020BDE8F08100000A31544F0A30544F84
:10FB900010B5026840F26F335169946944F008046B
:10FBA00094610268946944F01004946102681468D6
:10FBB00024F001041460026814699C431461026813
:10FBC000936823F44043936090F88120042A0CD07A
:10FBD0008A060AD5D0F8842042F08002C0F884203A
:10FBE0000268936943F02003936190F88120032A0F
:10FBF0000CD04A060AD5D0F8842042F00402C0F89E
:10FC000084200268936943F0400393618A050AD512
:10FC1000D0F8842042F00102C0F884200268936981
:10FC200043F400739361C9050AD5D0F8841041F0FC
:10FC30000801C0F8841001688A6942F480728A6100
:10FC40000021A0F86210A0F86A1010BD10B5806BFA
:10FC500000210122A0F86A10A0F8621080F881202B
:10FC6000F5F7A3FD10BD00002DE9F0411C46164636
:10FC70000D460746DDF818800AE000BFF3F768FC80
:10FC8000A0EB0800A04202D3601C01D00BE054B1ED
:10FC90003868406935EA000007D00020B042EDD056
:10FCA0000020BDE8F0810320FBE70120F6E700001B
:10FCB0002DE9F04FDFF88480214EDFF88890DFF8DF
:10FCC00088B0026A036AB042DFF880A022F0020C1A
:10FCD0001F4F23F001020262426885698B680C683D
:10FCE00005EA080525F0030543EA0C0344EA050488
:10FCF00007D0484505D0584503D0504501D0B842FB
:10FD000005D1CD6823F008031D4325F00403B0425C
:10FD100007D0484505D0584503D0504501D0B842DA
:10FD200005D122F44076D1E9055235432A43426099
:10FD30008461496841630362BDE8F08F8FFFFEFF75
:10FD40000000014000040140004001400044014027
:10FD500000480140F0B5DFF87CE01F4D1F4E026AFD
:10FD6000036AA84222F4007723F480730362436895
:10FD7000C269D1F808C002EA0E020C6822F0030E34
:10FD800047EA0C2244EA0E0401D0B04206D1CF6803
:10FD900022F4006242EA072222F48062A8420AD0DA
:10FDA000B04208D00E4DA84205D00E4DA84202D058
:10FDB0000D4DA84207D1D1E9055623F4405343EA3B
:10FDC000051343EA06134360C4614968C1630262D4
:10FDD000F0BD00008FFFFEFF000001400004014065
:10FDE000004001400044014000480140F0B5046A71
:10FDF000026A22F4805202624268C36924F4005409
:10FE0000DFF848C08E680D6803EA0C03104F23F436
:10FE1000407344EA0634B84243EA05230BD00D4D43
:10FE2000A84208D00C4DA84205D00C4DA84202D0E3
:10FE30000B4DA84204D14D6922F4804242EA85125A
:10FE40004260C361496801640462F0BDFF8FFFFE38
:10FE50000000014000040140004001400044014016
:10FE600000480140F0B5164F164B026A046A9842EA
:10FE700022F4003524F4803303624268436D0E8916
:10FE80000C6803EA070344EA030445EA06430BD07F
:10FE90000D4DA84208D00D4DA84205D00C4DA842EA
:10FEA00002D00C4DA84204D14D6922F4803242EABE
:10FEB000052242604465496881650362F0BD000027
:10FEC0008FFFFEFF000001400004014000400140A0
:10FED0000044014000480140F0B5164F164B026A3D
:10FEE000046A984224F48013036222F400144268E6
:10FEF000436D0E890D6803EA070344EA065443EA9A
:10FF000005230BD00D4DA84208D00D4DA84205D0B9
:10FF10000C4DA84202D00C4DA84204D14D6922F4E8
:10FF2000802242EA8522426043654968C1650462D5
:10FF3000F0BD0000FF8FFFFE000001400004014003
:10FF4000004001400044014000480140034B8268EA
:10FF50001A400A4342F00701816070478FFFCFFFCC
:10FF600010B5036A046A23F00A0324F00104046252
:10FF700084690B4324F0F00141EA021181610362BC
:10FF800010BD10B5036A046A23F0A00324F0100426
:10FF90000462846943EA011124F4704343EA0232A3
:10FFA0008261016210BD70B5846B00252168D4F8B0
:10FFB0008800D4F88C608968090606D5212804D108
:10FFC000A4F85650204600F055F820688068400696
:10FFD00006D5222E04D1A4F85E50204600F020F869
:10FFE000D4F8900040F01000C4F890002046F6F7D6
:10FFF00019FF70BD10B5806B01210167C16E012929
:020000040801F1
:1000000002D0F7F73EFC10BDB0F85C104908F6F7D7
:10001000FDFD10BD10B5806BF7F77DFC10BD000035
:1000200010B5026852E8001F21F4907142E80013F5
:10003000002BF6D10E4B0268083252E8001F19401F
:1000400042E80014002CF6D1C16E012908D10268E3
:1000500052E8001F21F0100142E80013002BF6D1F6
:1000600000212022C0F88C20C166416710BD00002D
:10007000FEFFFFEF026852E8001F21F0C00142E8D6
:100080000013002BF6D10168083151E8002F22F44B
:10009000000241E80023002BF5D12021C0F8881090
:1000A000704710B5C1690022806BB1F5807F2DD0FB
:1000B000A0F85E20036853E8001F21F4807143E834
:1000C0000014002CF6D10168083151E8003F23F0FC
:1000D000010341E80034002CF5D10168083151E8F2
:1000E000003F23F0400341E80034002CF5D12021EB
:1000F000C0F88C10C16E012908D1016851E8003F99
:1001000023F0100341E80034002CF6D10267C16EE1
:10011000012902D0F7F7B4FB10BDB0F85C10F6F778
:1001200075FD10BD10B5806B0021A0F85E10F6F7CC
:1001300079FE10BD10B5C169806BB1F5807F16D016
:100140000021A0F856100168083151E8002F22F074
:10015000800241E80023002BF5D1026852E8001F1D
:1001600041F0400142E80013002BF6D110BDF7F733
:10017000D1FB10BDF0B58E680C69D1E9005744EA97
:100180000604DFB145F080452C43866ED1E906C5F3
:100190004F695E4391F8203045EA0C05B1F80CC078
:1001A000D0F884E0002047EA0363104F1D430EEBB4
:1001B000860345EA0C45E3E8024511E044EA85443C
:1001C000E3E71418155CA67894F803C094F801E0EE
:1001D000360445EA0C6446EA0E252C43001D10C384
:1001E000CC683C5D8442ECD8F0BD00009C14010852
:1001F000F0B503684FF6FC716D4C426BD3F8845038
:100200008D4345EA8205C3F88450036853F8845F40
:10021000068F25F47F0545EA06451D60836B654D15
:100220009F180268D2F888308B4343EA8703C2F8EC
:100230008830026852F8883F868F23F4FE0343EA31
:1002400006431360066856F8A03FC26B8B4307EB6A
:10025000420243EA82033360076857F8A03FB0F8D0
:10026000406023F4FE0343EA06433B60D0E91036C6
:1002700003FB06220368D3F8B0608E4346EA820689
:10028000C3F8B0600368B0F84860D3F8B07027F4E2
:10029000FE0747EA0646C3F8B060D0E91267036874
:1002A00006FB0722D3F8AC608E4346EA8206C3F809
:1002B000AC60D0E91467036806FB0722D3F8F0604E
:1002C0008E4346EA8206C3F8F0600368B0F85860CF
:1002D000D3F8F07027F47C1747EA0646C3F8F060BD
:1002E0000368876D53F8C06F02EB47028E4346EAFE
:1002F000820119600168B0F85C20D1F8C03023F4A5
:100300007C1343EA0242C1F8C020016890F86020E3
:10031000D1F8C03023F07C5343EA0262C1F8C02018
:10032000416B04EB8101C166826B01EB82020267C3
:10033000C36B02EBC3024267D0E91034634302EBA4
:1003400083028267D0E91234634302EB8302C267FF
:10035000D0E91434634302EB8302C0F88020836D3C
:1003600002EBC303C0F88430C46D826E544303EBC8
:100370008403C0F88830046E544303EB8402C0F851
:100380009020AA420AD9D0F89C20032142F02002F2
:10039000C0F89C2080F898100120F0BD002200E0F9
:1003A00004C1D0F890308B42FAD80020F0BD000094
:1003B00000AC0040FCD30040090700284FEA11615F
:1003C00004DB00F1E02080F80014704700F00F001B
:1003D00000F1E02080F8141D704700002DE9F0477F
:1003E000454D044689464FF0000A2868C0438007FF
:1003F0000AD0414E283E306820F080603060F3F72C
:10040000A7F80746B04608E00120BDE8F08700BF26
:10041000F3F79EF8C01B022867D8D8F80000000147
:10042000F6D4206829684FF4FE0721F47C313E029F
:1004300041EA00302860207AA389B4F804C0400261
:100440002D4D2D495B1E227CACF1010C1035091D90
:10045000A0F5007080B2521ECCF3080C07EA0343EB
:1004600040EA0C00184306EA02621043286008685C
:10047000626920F0C000104308600A68A06922F099
:10048000200202430A60281D0A6822F010020A6056
:1004900002684FF6F873E4699A4342EAC4020260C4
:1004A0000868B9F1000F40F010020A6011D0086826
:1004B000B9F1010F11D040F400100860D8F8000025
:1004C000444640F08060C8F80000F3F741F8054664
:1004D0000DE0086840F40020EFE740F48010ECE7FE
:1004E000F3F736F8401B022801D903208DE7206876
:1004F0000001F5D5504688E7284402582DE9F04719
:10050000454D044689464FF0000A2868C0438007DD
:100510000AD0414E283E306820F080503060F3F71A
:1005200017F80746B04608E00120BDE8F08700BF95
:10053000F3F70EF8C01B022867D8D8F80000800037
:10054000F6D4208829684FF4FE0721F07C713E0222
:1005500041EA00502860207AA389B4F804C0400220
:100560002D4D2D495B1E227CACF1010C1835091D67
:10057000A0F5007080B2521ECCF3080C07EA0343CA
:1005800040EA0C00184306EA02621043286008683B
:10059000626920F44060104308600A68A06922F490
:1005A000007202430A60281D0A6822F480720A6001
:1005B00002684FF6F873E4699A4342EAC4020260A3
:1005C0000868B9F1000F40F480720A6011D0086821
:1005D000B9F1010F11D040F080700860D8F8000028
:1005E000444640F08050C8F80000F2F7B1FF0546DD
:1005F0000DE0086840F48000EFE740F40000ECE70D
:10060000F2F7A6FF401B022801D903208DE72068DE
:100610008000F5D5504688E72844025830B5416E31
:10062000B9B101680D4B03F108048A688968C2F307
:100630004262490F5D5C615C2D01B5FBF1F1A0F8F0
:100640006A10995CA25C0901B1FBF2F1A0F8681094
:1006500030BD0121A0F86A10F8E70000101501086C
:10066000064991F8021321B1054991F89C1203291A
:1006700001D00020704790F880007047943C00241F
:10068000740F002470B51D2A0D46044628D328781F
:10069000532825D16878502822D11D214FF6FF72AA
:1006A0002846FCF7FDF900281AD094F884001D2292
:1006B0002946401C84F884002046EFF747FF04F1E8
:1006C0005D0029461D220546EFF740FFE16F01203E
:1006D00084F87A00002903D02846BDE87040084716
:1006E00070BD000090F88420002190F885309A4277
:1006F0000FD1B0F882305B1C9BB2A0F88230022B85
:1007000004D380F8801000BFA0F8821080F8852004
:100710007047012380F88030F6E70000064B002286
:100720001860C16780F88020A0F8822080F88520BA
:100730000248FAF705BA0000640200244DB0000830
:10074000323010B52B220446EFF700FF2B214FF675
:10075000FF722046FCF794F92B212046FAF736FA6F
:10076000002800D0012010BD10B590F851400022A3
:10077000012300F8342090F8514000EBC40462607B
:1007800000F8313080F8511010BD10B5002380F80A
:100790005010194680F8512005E000EBC10400F824
:1007A0003130491C636090F850408C42F5DC0121E7
:1007B00000F8321010BD000010B504462DED068B78
:1007C00090ED130A9FED749AD0ED140AF0EE499A59
:1007D00030EE608AB5EEC08AF1EE10FAB1EE480A4A
:1007E00078FE008A90ED010AB4EEE80AF1EE10FA04
:1007F00006DDB0EE498AC4ED130AF0EE488A18E02F
:10080000B5EEC08AF1EE10FA07DDB4EEE80AF1EEBB
:1008100010FA02D238EE408A0BE0B5EEC08AF1EE53
:1008200010FA06D2B4EEE80AF1EE10FA01D230EE78
:10083000088A94ED081A94ED100AF7EE000A21EEEA
:1008400008AAB5EEC00AF1EE10FA06D194ED111A1D
:10085000B5EEC01AF1EE10FA04D0B4EEE80AF1EEEB
:1008600010FA02DBF0EE609A11E0B4EEE80AF1EE65
:1008700010FA0CD2D4ED110AF4EEE80AF1EE10FAF7
:1008800005DD30EEC00A70EEE80AC0EE809A94ED05
:100890000D0AB5EEC00AF1EE10FA10D094ED091A67
:1008A000B5EEC01AF1EE10FA09D0C0EE010AF1EE71
:1008B000401A04F1540081EE810A00F095FC94ED99
:1008C000120AB5EEC00AF1EE10FA04D0B4EEE80A4E
:1008D000F1EE10FA0EDD94ED001A94ED150AD4ED48
:1008E000090A21EE291A01EE080A84ED150A20EE04
:1008F000809A03E0B0EE490A84ED150A207AE0B34D
:1009000094ED140AD4ED031A94ED0A1AD4ED000AFA
:1009100030EE610A21EE401AD4ED131A3AEE093A8C
:10092000D4ED042A81EE200A94ED0B1AD4ED0F0ABF
:1009300094ED0C2A21EE211A71EEE21AF5EEC00AAE
:1009400033EE000AF1EE10FA02EE211A30EE010A3F
:1009500084ED070A05D0B1EE600A04F11C0000F036
:1009600043FC94ED140AD4ED130A94ED071A84EDB8
:10097000068A0C3484EC030A00E002E0BDEC068B2E
:1009800010BD94ED061A94ED0A0AD4ED000A38EE73
:10099000411A20EE011ABFE70000000080ED0F3A77
:1009A00000F1200282EC060A2032C0EC023AC2ECCE
:1009B000034A0172704700009FED140A80ED030A9C
:1009C00080ED040A80ED050A80ED060A80ED070A35
:1009D00080ED080A80ED090A80ED0A0A80ED0B0A15
:1009E00080ED0C0A80ED0D0A80ED0E0A80ED0F0AF5
:1009F00080ED100A80ED110A80ED120A80ED130AD5
:100A000080ED140A80ED150A704700000000000018
:100A100010EE100A6FEAD05010F0FF0000D0012055
:100A200070474100080218BF04200A0E18BF40F0AA
:100A300001004FF07F4232EA010108BF40F002009E
:100A4000012808BF0520704710B510EE104A4FF07E
:100A50001A402DED028B00EB4400B0F1C85F4AD87C
:100A60004FF0FC40B0EB440F22D2B0EEC00ADFEDF5
:100A7000310A30EEC00ADFED300A20EE208A18EE8F
:100A8000100A00F092FB00EE100A14F0004F1DBF98
:100A90009FED2A1ADFED2A0AB1EE400A9FED291ACE
:100AA00008BFF0EE410ADFED281A20EE210A05E02A
:100AB00020EE008A9FED251ADFED250ADFED251ACD
:100AC0009FED252A70EEC00A20EE080A08EE212AC2
:100AD000DFED221A48EE021A9FED212A08EE212AA4
:100AE000DFED201A48EE021ABDEC028B40EE610ADF
:100AF00030EE810A10BD4FF0CC40B0EB440F82BF06
:100B00009FED190ABDEC028B10BD4FF07F40B0EB9A
:100B1000440F05D2BDEC028BBDE8104000F0D9BAFD
:100B20000120EFF767FEBDEC028BBDE8104000F03E
:100B3000D7BA00000000803F0000003F000049409D
:100B400022AA7D3A00000000000000C00000C93F5A
:100B500022AAFD3924FE1C3DC78AD83C1E67383DB9
:100B60001B93993DAFAA2A3EDB0FC93F10B54FF04A
:100B70000E402DED028BB0EE408A18EE104A00EBCD
:100B80004400B0F1506F4AD84FF0FC40B0EB440F36
:100B900022D2B0EEC80ADFED360A30EEC00ADFED31
:100BA000350A60EE208A18EE900A00F0FEFA01EE97
:100BB000100A14F0004F1DBFDFED2F0A9FED2F0A22
:100BC000B1EE411ADFED2E0A08BF9FED2E0ADFEDD0
:100BD0002E1A21EE218A05E0DFED2C0A68EE088A44
:100BE000B0EE600A9FED2A1ADFED2A1A30EE080AED
:100BF00048EE811A9FED281A08EEA11ADFED271A98
:100C000048EE811A9FED261A08EEA11A68EE281AFE
:100C1000BDEC028B01EE810A30EE200A10BD4FF0D0
:100C2000E440B0EB440F0CD918EE100AFFF7F9FEC0
:100C3000042808BF00F05CFAB0EE480ABDEC028B55
:100C400010BD4FF07F40B0EB440F07D2B0EE480A22
:100C5000BDEC028BBDE8104000F03BBA0120EFF77D
:100C6000C9FDBDEC028BBDE8104000F039BA0000B0
:100C70000000803F0000003F0000C9BF22AAFDB96C
:100C80000000C93F22AAFD39000000C0000000009A
:100C900024FE1C3DC78AD83C1E67383D1B93993DF6
:100CA000AFAA2A3E70B54FF068422DED048BF0EEEE
:100CB000408A18EE900AB0EE608A18EE101A02EB25
:100CC0004003B3F1654F3CBF02EB4102B2F1654F07
:100CD0007DD200BFC0F3C753C1F3C7529A1A1B2A73
:100CE00009DD10F0004F14BF9FED830A9FED830ACA
:100CF000BDEC048B70BD12F11A0F36DA11F0004F03
:100D000009D010F0004F0CBF9FED7D0A9FED7D0ACA
:100D1000BDEC048B70BD88EE889A19EE100AFFF7BF
:100D200080FE042808BF00F0E3F918EE900AFFF7F0
:100D300078FE054618EE100AFFF773FE044619EE1A
:100D4000100AFFF76EFE042D18BF052D08D1042CE4
:100D500018BF052C04D1002804BF0220EFF74AFD7C
:100D6000B0EE490ABDEC048B70BD4200B2EB410FFE
:100D70003AD910F0004F19BFDFED630A9FED630A07
:100D8000DFED630A9FED630AB0EE481A0A46B1EE42
:100D9000688A80F00041F0EE418A10460A1A52003B
:100DA000B2F1807F34D2484010F0004FDFED5A1A84
:100DB0009FED5A2A1DBF9FED5A1A70EEE10A30EEE0
:100DC000420A9FED581A08BF70EEA10A00E040E009
:100DD00008BF30EE020AB0EE682A01EE482A08EE9B
:100DE000818AC2EE081A15E011F0004F04BF9FED92
:100DF0004E0AF0EE400AD1D010F0004F19BFDFEDDF
:100E00004B0A9FED4B0ADFED4B0A9FED4B0AC5E7FE
:100E1000C8EE881A21EEA11A9FED482ADFED482A74
:100E200041EE022A9FED472A01EE222ADFED462AF3
:100E300041EE022A9FED452ABDEC048B01EE222AE9
:100E400021EE811A01EE020A30EE210A30EE200A6C
:100E500070BD4FF07F42B2EB400F28BFB2EB410FA5
:100E600009D2F0EE480AB0EE680ABDEC048BBDE88A
:100E7000704000F031B940EA01035B0008BF41F067
:100E8000FF410BD0B2EB400F08BFB2EB410F08D1CE
:100E900020F0804008EE900A21F0804108EE101A00
:100EA00018E7B2EB400F12BF5FEA410340F0FF408A
:100EB00001F000413FF40EAFB2EB410F12BF5FEA09
:100EC000400200F0004041F0FF413FF403AF4A0010
:100ED00092EA40033FF5FEAE002AACBF9FED1C0A2C
:100EE0009FED1C0A68EE808A28EE008A18EE900AB0
:100EF00018EE101AEEE60000DB0FC9BFDB0FC93F8A
:100F0000DB0F4940DB0F49C00000C9BF22AAFDB971
:100F10000000C93F22AAFD390060ED3EC30ACE376A
:100F2000000000BF0000003F00000000000049C0BA
:100F300022AA7DBA0000494022AA7D3A2DAD65BDA6
:100F40008FB8D53D0FB511BE61C84C3EA8AAAABE48
:100F50000000804F0000802F10B52DED028BB0EE09
:100F6000608AF0EE408A18EE101A18EE900A00F02F
:100F700073F900F07040B0F1005F0CD018EE100A69
:100F800020F00040C0F1FF40C00F02BFB0EE480AA1
:100F9000BDEC028B10BDB0EE680ABDEC028B10BD3B
:100FA00010B52DED028BB0EE608AF0EE408A18EE9F
:100FB000101A18EE900A00F04FF900F07040B0F1EE
:100FC000004F0CD018EE100A20F00040C0F1FF4096
:100FD000C00F02BFB0EE480ABDEC028B10BDB0EEF0
:100FE000680ABDEC028B10BD10B52DED028BF0EE42
:100FF000408A18EE900AB0EE608A20F00040C0F1FE
:10100000FF40C00F07D118EE100A20F00040C0F1D9
:10101000FF40C00F2BD018EE101A18EE900A00F007
:10102000BFF900EE100A10EE100A6FEAD05010F06F
:10103000FF0F04BFBDEC028B10BD18EE900A00F04C
:10104000004110EE100A00F00040814204BFBDECE8
:10105000028B10BD18EE101A10EE100ABDEC028BB8
:1010600061F31E0000EE900A30EE600A10BD18EE2B
:10107000900A4FF07F41B1EB400F1CBF18EE100AF1
:101080005FEA4000C7D10120EFF7B4FBBDEC028B53
:10109000BDE8104000F024B810B52DED028BB1EE84
:1010A000C08A18EE100A20F00040C0F1FF40C00FC7
:1010B0000AD010EE100A20F00040C0F1FF40C00F2F
:1010C00004BF0120EFF796FBB0EE480ABDEC028B9F
:1010D00010BD30EE000A704730EE200A7047000065
:1010E000DFED020A80EEA00A704700000000000059
:1010F0009FED020A20EE000A704700000000001079
:101100000148FBF79DBB0000104200241FB50024DE
:101110000094019402940394F2F7A4FA01208DF84C
:101120000C001F218DF8081087228DF809208DF8FA
:101130000D008DF8000068468DF80A408DF80E40CD
:101140008DF8014001948DF80B408DF80F40F2F7B7
:101150005BFA0420F2F794FAF2F708FAFAF702FAC7
:10116000F6F7AAFFF6F790FEF6F7FCFEF6F730FF6B
:10117000F6F768FFF7F70AF8F7F714FAF7F7DEF96A
:10118000F7F774F9F7F70AF9F7F73CF9F7F7A2F967
:10119000F7F724F8F7F7CCF8F7F754F8F7F7A2F8D1
:1011A000F7F734FAF7F782FAFCE710B500EE100A09
:1011B0002DED028BB1EEC08A18EE100A20F000402F
:1011C000C0F1FF40C00F0AD010EE100A20F000401E
:1011D000C0F1FF40C00F04BF0120EFF70BFB18EE7A
:1011E000100ABDEC028B10BD90ED001AB4EEC01ACF
:1011F000F1EE10FA02D280ED000A06E0B4EEE01A39
:10120000F1EE10FA01DDC0ED000A90ED000A704722
:1012100010B52DED028BB0EE608AF6EE008A08EE76
:10122000280AFFF7E1FEB5EEC00AF1EE10FA01D28E
:1012300030EE080A08EE680ABDEC028B10BD000013
:1012400000EE100A00EE901AB4EE600AF1EE10FA09
:1012500078BF704700F00DB810B5FFF7F1FFEFF35E
:10126000008020F0104038BF40F0004080F300883C
:1012700010BDBDE8104010B500F047F800000009AF
:1012800000F007B84FF0404010F1004FEFF300803E
:101290007047401058BFC0F14040491058BFC1F1DD
:1012A00040418142EFF3008070474FF07E5209E0E9
:1012B00011F0004204D54042C1F1000138BF491E7F
:1012C00042F07E520B0002F1706212BF20235FEAEF
:1012D00000017047B1FA81FCA3EB0C0301FA0CF199
:1012E00020FA03FC02EBC352C3F1200341EA0C01D4
:1012F00010FA03FC5CEA416C42EB112018BF5FF06E
:10130000806C28BF20F0010070470EF1020E2EF015
:10131000030E5EF8044B244204D44FEA4102B2F1BA
:101320007F4F11D84FEA4003B3F17F4F0CD80ED155
:101330004FEAD07CB2F17F4F0CEB4C0C0CF1020C5D
:1013400008BF4CEBD17C04E04FF0080C01E04FEA01
:10135000D17C0CEB4C0324FA03F404F00704B4F141
:10136000040C06D20EEB840CBDE810404CF0010CCE
:101370006047DFE80CF0070802024FF00040A0F5DC
:10138000800010BD0846420018BFD2F1807288BFAD
:1013900000F0004010BD4FF04070E1EE100A7047C1
:1013A0004FF07F4C3CEA410318BF3CEA400200F09A
:1013B00062804FF47F0C10F0004F0CEAD11318BF7D
:1013C00043F005031CEAD01218BF13EA0C0F00F01B
:1013D00057804FF0004C4CEA00204CEA0121A3F565
:1013E00080339A4210DDB0F1004F23F0020306D3A0
:1013F000401A43F00203BCBF404283F001034FEAAE
:101400004000A2F58032ECE74FEA224CBCEB234FC0
:1014100008DB884206D31CD0A0EB4100C0F10000DD
:1014200083F0010340001DD217D40DD0B0FA80FC28
:101430000CF1010C00FA0CF0A2EB0C42D2F1000C02
:1014400012DB4FEAC37070474FEA437000F0004070
:10145000704713F0020FE5D0DEE7B2F580324FEAB5
:101460004000EBDD002AE9DD4FEAC21242EA5020DB
:1014700040EAC370704710B5FFF747FFEDFFFF3E2E
:101480001CEAD11F02D000F00040704700487047AE
:101490000000C07F000610160006101600010203AF
:1014A00004050607080C1014182030400000000046
:1014B000000000000000000000000000000000002C
:1014C0000100000002000000030000000400000012
:1014D0000000000005000000000000000000000007
:1014E00000000000060000000000000000000000F6
:1014F00000000000070000000100020004000600D8
:1015000008000A000C0010002000400080000001CC
:1015100001010103070100000804020408010101A0
:101520000000000001020304010203040607080989
:101530000000000000000000C3F51C410000803FD7
:101540000000000000000000000000000000803FDC
:101550000000000000000000000000000000803FCC
:101560000000803F000000000000000000000000BC
:101570000000000000000000000000000000803FAC
:10158000000000000000000000000000000000005B
:1015900000000000000000000000803F000000008C
:1015A000000000000000000000000000000000003B
:1015B000000000000000803F00000000000000006C
:1015C000000000000000000000000000000000001B
:1015D0000000803F0000000000000000000000004C
:1015E0000000000000000000000000000000803F3C
:1015F00000002A430000344300003E4300004843FB
:101600000000524300005C4300006643000070434A
:1016100000007A43000082430000A0400000E04048
:1016200000001041000030410000404100005041E6
:101630000000604100008041000090410000A04196
:101640000000204200004042000060420000804252
:10165000000090420000A0420000B0420000C042E2
:101660000000E4420000F042000040410000604100
:1016700000008041000090410000A0410000B04106
:101680000000C0410000D0410000E0410000F041F6
:10169000005EBCE2613FDD83C29C7E20A3FD1F4152
:1016A0009DC3217FFCA2401E5F01E3BD3E6082DC42
:1016B000237D9FC1421CFEA0E1BF5D0380DE3C6232
:1016C000BEE0025CDF81633D7C22C09E1D43A1FF22
:1016D0004618FAA427799BC584DA3866E5BB590712
:1016E000DB856739BAE406581947A5FB7826C49A02
:1016F000653BD987045AB8E6A7F91B45C6987A24F2
:10170000F8A6441A99C7257B3A6486D85B05E7B9E1
:101710008CD2306EEDB3510F4E10F2AC2F7193CDD1
:10172000114FADF3702ECC92D38D6F31B2EC0E50C1
:10173000AFF1134DCE90722C6D33D18F0C52B0EEB1
:10174000326C8ED0530DEFB1F0AE4C1291CF2D73A1
:10175000CA947628ABF517490856B4EA6937D58B91
:101760005709EBB536688AD495CB2977F4AA481681
:10177000E9B7550B88D6346A2B7597C94A14F6A871
:10178000742AC896154BA9F7B6E80A54D7896B3561
:101790000000891112239B322446AD573665BF7471
:1017A000488CC19D5AAFD3BE6CCAE5DB7EE9F7F821
:1017B0008110080193331A22A5562C47B7753E6451
:1017C000C99C408DDBBF52AEEDDA64CBFFF976E801
:1017D00002218B30100299132667AF763444BD5531
:1017E0004AADC3BC588ED19F6EEBE7FA7CC8F5D9E1
:1017F00083310A2091121803A7772E66B5543C4511
:10180000CBBD42ACD99E508FEFFB66EAFDD874C9C0
:1018100004428D5316619F702004A9153227BB36F0
:101820004CCEC5DF5EEDD7FC6888E1997AABF3BAA0
:1018300085520C4397711E60A1142805B3373A26D0
:10184000CDDE44CFDFFD56ECE9986089FBBB72AA80
:1018500006638F7214409D512225AB343006B917B0
:101860004EEFC7FE5CCCD5DD6AA9E3B8788AF19B60
:1018700087730E6295501C41A3352A24B116380790
:10188000CFFF46EEDDDC54CDEBB962A8F99A708B40
:10189000088481951AA793B62CC2A5D33EE1B7F070
:1018A0004008C919522BDB3A644EED5F766DFF7C20
:1018B000899400859BB712A6ADD224C3BFF136E050
:1018C000C1184809D33B5A2AE55E6C4FF77D7E6C00
:1018D0000AA583B4188691972EE3A7F23CC0B5D130
:1018E0004229CB38500AD91B666FEF7E744CFD5DE0
:1018F0008BB502A499961087AFF326E2BDD034C110
:10190000C3394A28D11A580BE77F6E6EF55C7C4DBF
:101910000CC685D71EE597F42880A1913AA3B3B2EF
:10192000444ACD5B5669DF78600CE91D722FFB3E9F
:101930008DD604C79FF516E4A9902081BBB332A2CF
:10194000C55A4C4BD7795E68E11C680DF33F7A2E7F
:101950000EE787F61CC495D52AA1A3B03882B193AF
:10196000466BCF7A5448DD59622DEB3C700EF91F5F
:101970008FF706E69DD414C5ABB122A0B99230838F
:10198000C77B4E6AD5585C49E33D6A2CF11E780F3F
:101990000000000000000000000000000000000047
:1019A0000000000000000000000000000000000037
:1019B0000000000000000000000000000000000027
:1019C0000000000000000000000000000000000017
:1019D0000000000000000000000000000000807F08
:1019E0000000000000000000C9DE00080000000048
:1019F000A1DD00080000000029DF00080000000051
:101A00000000000099E00008000000000000000055
:101A1000000000000000000051DF0008000000008E
:101A2000000000000000000000000000D9E40008F1
:101A3000FDE40008E1E50008C9E600080000000038
:101A400000000000C9DE000835E90008A1DD00083B
:101A5000B5E8000829DF00080000000000000000D1
:101A600099E000080000000000000000A1EA000862
:101A70000000000051DF00080DEA0008000000002F
:101A800000000000920E493CB10AC93C2BC3163D30
:101A90002EFB483D752B7B3D04A9963D80B6AF3D9E
:101AA00036BDC83D2FBCE13D73B2FA3D87CF093E3C
:101AB0008340163EB5AB223EA2102F3ECF6E3B3E7A
:101AC000C2C5473E0115543E135C603E7F9A6C3E92
:101AD000CCCF783EC07D823E938E883E229A8E3E49
:101AE00032A0943E86A09A3EE59AA03E128FA63E72
:101AF000D47CAC3EEF63B23E2A44B83E491DBE3EA4
:101B000015EFC33E53B9C93ECA7BCF3E4136D53EE1
:101B100080E8DA3E4F92E03E7533E63EBBCBEB3ECB
:101B2000EA5AF13ECBE0F63E275DFC3EE4E7003F9B
:101B30003D9C033F824B063F9BF5083F6B9A0B3F52
:101B4000DA390E3FCDD3103F2A68133FD9F6153F3F
:101B5000C07F183FC6021B3FD17F1D3FCBF61F3F02
:101B60009967223F25D2243F5636273F1594293FB7
:101B70004AEB2B3FDE3B2E3FBB85303FC9C8323F8F
:101B8000F304353F233A373F4268393F3B8F3B3FB1
:101B9000F9AE3D3F67C73F3F70D8413F01E2433F49
:101BA00003E4453F65DE473F12D1493FF8BB4B3F59
:101BB000029F4D3F207A4F3F3D4D513F4918533FC3
:101BC00031DB543FE595563F5348583F6AF2593F41
:101BD0001A945B3F532D5D3F05BE5E3F2146603F3B
:101BE00097C5613F5A3C633F59AA643F880F663FDF
:101BF000D86B673F3CBF683FA7096A3F0C4B6B3F00
:101C00005E836C3F93B26D3F9ED86E3F73F56F3F1E
:101C10000809713F5213723F4714733FDD0B743F45
:101C20000BFA743FC6DE753F07BA763FC58B773F28
:101C3000F853783F9812793F9DC7793F02737A3FF6
:101C4000BE147B3FCDAC7B3F283B7C3FC9BF7C3F74
:101C5000AC3A7D3FCCAB7D3F23137E3FB0707E3FDF
:101C60006DC47E3F580E7F3F6D4E7F3FAB847F3FFC
:101C70000FB17F3F97D37F3F43EC7F3F11FB7F3F07
:101C80000000803F11FB7F3F43EC7F3F97D37F3FB6
:101C90000FB17F3FAB847F3F6D4E7F3F580E7F3F3C
:101CA0006DC47E3FB0707E3F23137E3FCCAB7D3F43
:101CB000AC3A7D3FC9BF7C3F283B7C3FCDAC7B3FEE
:101CC000BE147B3F02737A3F9DC7793F9812793FDC
:101CD000F853783FC58B773F07BA763FC6DE753F2E
:101CE0000BFA743FDD0B743F4714733F5213723F7E
:101CF0000809713F73F56F3F9ED86E3F93B26D3FF9
:101D00005E836C3F0C4B6B3FA7096A3F3CBF683F4B
:101D1000D86B673F880F663F59AA643F5A3C633FC0
:101D200097C5613F2146603F05BE5E3F532D5D3F35
:101D30001A945B3F6AF2593F5348583FE595563F26
:101D400031DB543F4918533F3D4D513F207A4F3FBF
:101D5000029F4D3FF8BB4B3F12D1493F65DE473FE5
:101D600003E4453F01E2433F70D8413F67C73F3F2F
:101D7000F9AE3D3F3B8F3B3F4268393F233A373F07
:101D8000F304353FC9C8323FBB85303FDE3B2E3FB1
:101D90004AEB2B3F1594293F5636273F25D2243F47
:101DA0009967223FCBF61F3FD17F1D3FC6021B3FE5
:101DB000C07F183FD9F6153F2A68133FCDD3103F97
:101DC000DA390E3F6B9A0B3F9BF5083F824B063F7B
:101DD0003D9C033FE4E7003F275DFC3ECBE0F63E41
:101DE000EA5AF13EBBCBEB3E7533E63E4F92E03E06
:101DF00080E8DA3E4136D53ECA7BCF3E53B9C93E74
:101E000015EFC33E491DBE3E2A44B83EEF63B23EC5
:101E1000D47CAC3E128FA63EE59AA03E86A09A3EA8
:101E200032A0943E229A8E3E938E883EC07D823EA2
:101E3000CCCF783E7F9A6C3E135C603E0115543ED9
:101E4000C2C5473ECF6E3B3EA2102F3EB5AB223EF1
:101E50008340163E87CF093E73B2FA3D2FBCE13D69
:101E600036BDC83D80B6AF3D04A9963D752B7B3D80
:101E70002EFB483D2BC3163DB10AC93C920E493C8E
:101E800000000000920E49BCB10AC9BC2BC316BDAC
:101E90002EFB48BD752B7BBD04A996BD80B6AFBD9A
:101EA00036BDC8BD2FBCE1BD73B2FABD87CF09BE38
:101EB000834016BEB5AB22BEA2102FBECF6E3BBE76
:101EC000C2C547BE011554BE135C60BE7F9A6CBE8E
:101ED000CCCF78BEC07D82BE938E88BE229A8EBE45
:101EE00032A094BE86A09ABEE59AA0BE128FA6BE6E
:101EF000D47CACBEEF63B2BE2A44B8BE491DBEBEA0
:101F000015EFC3BE53B9C9BECA7BCFBE4136D5BEDD
:101F100080E8DABE4F92E0BE7533E6BEBBCBEBBEC7
:101F2000EA5AF1BECBE0F6BE275DFCBEE4E700BF97
:101F30003D9C03BF824B06BF9BF508BF6B9A0BBF4E
:101F4000DA390EBFCDD310BF2A6813BFD9F615BF3B
:101F5000C07F18BFC6021BBFD17F1DBFCBF61FBFFE
:101F6000996722BF25D224BF563627BF159429BFB3
:101F70004AEB2BBFDE3B2EBFBB8530BFC9C832BF8B
:101F8000F30435BF233A37BF426839BF3B8F3BBFAD
:101F9000F9AE3DBF67C73FBF70D841BF01E243BF45
:101FA00003E445BF65DE47BF12D149BFF8BB4BBF55
:101FB000029F4DBF207A4FBF3D4D51BF491853BFBF
:101FC00031DB54BFE59556BF534858BF6AF259BF3D
:101FD0001A945BBF532D5DBF05BE5EBF214660BF37
:101FE00097C561BF5A3C63BF59AA64BF880F66BFDB
:101FF000D86B67BF3CBF68BFA7096ABF0C4B6BBFFC
:102000005E836CBF93B26DBF9ED86EBF73F56FBF1A
:10201000080971BF521372BF471473BFDD0B74BF41
:102020000BFA74BFC6DE75BF07BA76BFC58B77BF24
:10203000F85378BF981279BF9DC779BF02737ABFF2
:10204000BE147BBFCDAC7BBF283B7CBFC9BF7CBF70
:10205000AC3A7DBFCCAB7DBF23137EBFB0707EBFDB
:102060006DC47EBF580E7FBF6D4E7FBFAB847FBFF8
:102070000FB17FBF97D37FBF43EC7FBF11FB7FBF03
:10208000000080BF11FB7FBF43EC7FBF97D37FBFB2
:102090000FB17FBFAB847FBF6D4E7FBF580E7FBF38
:1020A0006DC47EBFB0707EBF23137EBFCCAB7DBF3F
:1020B000AC3A7DBFC9BF7CBF283B7CBFCDAC7BBFEA
:1020C000BE147BBF02737ABF9DC779BF981279BFD8
:1020D000F85378BFC58B77BF07BA76BFC6DE75BF2A
:1020E0000BFA74BFDD0B74BF471473BF521372BF7A
:1020F000080971BF73F56FBF9ED86EBF93B26DBFF5
:102100005E836CBF0C4B6BBFA7096ABF3CBF68BF47
:10211000D86B67BF880F66BF59AA64BF5A3C63BFBC
:1021200097C561BF214660BF05BE5EBF532D5DBF31
:102130001A945BBF6AF259BF534858BFE59556BF22
:1021400031DB54BF491853BF3D4D51BF207A4FBFBB
:10215000029F4DBFF8BB4BBF12D149BF65DE47BFE1
:1021600003E445BF01E243BF70D841BF67C73FBF2B
:10217000F9AE3DBF3B8F3BBF426839BF233A37BF03
:10218000F30435BFC9C832BFBB8530BFDE3B2EBFAD
:102190004AEB2BBF159429BF563627BF25D224BF43
:1021A000996722BFCBF61FBFD17F1DBFC6021BBFE1
:1021B000C07F18BFD9F615BF2A6813BFCDD310BF93
:1021C000DA390EBF6B9A0BBF9BF508BF824B06BF77
:1021D0003D9C03BFE4E700BF275DFCBECBE0F6BE3D
:1021E000EA5AF1BEBBCBEBBE7533E6BE4F92E0BE02
:1021F00080E8DABE4136D5BECA7BCFBE53B9C9BE70
:1022000015EFC3BE491DBEBE2A44B8BEEF63B2BEC1
:10221000D47CACBE128FA6BEE59AA0BE86A09ABEA4
:1022200032A094BE229A8EBE938E88BEC07D82BE9E
:10223000CCCF78BE7F9A6CBE135C60BE011554BED5
:10224000C2C547BECF6E3BBEA2102FBEB5AB22BEED
:10225000834016BE87CF09BE73B2FABD2FBCE1BD65
:1022600036BDC8BD80B6AFBD04A996BD752B7BBD7C
:102270002EFB48BD2BC316BDB10AC9BC920E49BC8A
:1022800000000080A822010800000024A403000030
:1022900008030008D0230108A4030024948200004E
:1022A000640300085DEEFFFF4113CD971408019809
:1022B0001B080D041A35041A61041AAD141AD90446
:1022C0004117040309041201140202021640830498
:1022D000405726020102030114050F0C1C010710D0
:1022E0001721031A1A031301121408F5111B08F120
:1022F000041A2D0C1A3904193F1182103C90D00396
:10230000043114810182130A0629532A40241C092E
:1023100002436F111DC0320904491A020B13052430
:1023200016100105240118090104240202052406DF
:102330008415058203081C100904A5320A2E07051E
:10234000010240072A8107111379921408E5904C85
:10235000081B94D01375911B0831101AA704C11AD9
:10236000F9181AB9041A39301AAD0801FF01294ABF
:10237000FF015AFB085AFC085AFD080249FE0808EA
:102380001250C347CDCCCC3D0409531C110B1AC8C5
:10239000421C81127D12041202327C12041240127D
:1023A000AB12081241120112101A530A12203A58A5
:1023B00016320F1A801422814301111B02151011CD
:1023C00013041622821B081830191D011700000083
:04000005080002CD20
:00000001FF
